INSERT INTO COMCOMPANY 
(CREATED_DT,CREATED_USER_ID,CREATED_HOST_IP,CREATED_APP_URL,MODIFIED_DT,MODIFIED_USER_ID,MODIFIED_HOST_IP,MODIFIED_APP_URL,ORG_CD,ORG_NM,BIZ_REG_NO,CORP_NO,REPR_NM,ESTA_DT) 
VALUES('2022-01-01','admin','local','local','2022-01-01','admin','local','local','001','테스트','1234567890','1234567890123','대표자','2022-01-01');

INSERT INTO COMCODE
(CREATED_DT,CREATED_USER_ID,CREATED_HOST_IP,CREATED_APP_URL,MODIFIED_DT,MODIFIED_USER_ID,MODIFIED_HOST_IP,MODIFIED_APP_URL,ORG_CD,CODE_ID,CODE,CODE_NAME,CODE_NAME_ABBR,P_CODE_ID,FROM_DT,TO_DT,HIERARCHY_LEVEL,PRT_SEQ,CMT)
VALUES('2022-01-01','admin','local','local','2022-01-01','admin','local','local','001','ORG_CD','ORG_CD','조직코드','',NULL,'2001-01-01','9999-12-31',1,0,NULL);
INSERT INTO COMCODE
(CREATED_DT,CREATED_USER_ID,CREATED_HOST_IP,CREATED_APP_URL,MODIFIED_DT,MODIFIED_USER_ID,MODIFIED_HOST_IP,MODIFIED_APP_URL,ORG_CD,CODE_ID,CODE,CODE_NAME,CODE_NAME_ABBR,P_CODE_ID,FROM_DT,TO_DT,HIERARCHY_LEVEL,PRT_SEQ,CMT)
VALUES('2022-01-01','admin','local','local','2022-01-01','admin','local','local','001','ORG_CDA','001','테스트조직','','ORG_CD','2001-01-01','9999-12-31',2,0,NULL);


INSERT INTO COMDEPT
(CREATED_DT,CREATED_USER_ID,CREATED_HOST_IP,CREATED_APP_URL,MODIFIED_DT,MODIFIED_USER_ID,MODIFIED_HOST_IP,MODIFIED_APP_URL,ORG_CD,DEPT_CD,P_DEPT_CD,DEPT_NM_KOR,DEPT_ABBR_KOR,DEPT_NM_ENG,DEPT_ABBR_ENG,FROM_DT,TO_DT,PRT_SEQ,CMT)
VALUES('2022-01-01','admin','local','local','2022-01-01','admin','local','local','001','A',NULL,'A팀',NULL,'ATEAM',NULL,'2001-01-01','9999-12-31',1,NULL);
INSERT INTO COMDEPT
(CREATED_DT,CREATED_USER_ID,CREATED_HOST_IP,CREATED_APP_URL,MODIFIED_DT,MODIFIED_USER_ID,MODIFIED_HOST_IP,MODIFIED_APP_URL,ORG_CD,DEPT_CD,P_DEPT_CD,DEPT_NM_KOR,DEPT_ABBR_KOR,DEPT_NM_ENG,DEPT_ABBR_ENG,FROM_DT,TO_DT,PRT_SEQ,CMT)
VALUES('2022-01-01','admin','local','local','2022-01-01','admin','local','local','001','AA','A','AA팀',NULL,'AATEAM',NULL,'2001-01-01','9999-12-31',1,NULL);
INSERT INTO COMDEPT
(CREATED_DT,CREATED_USER_ID,CREATED_HOST_IP,CREATED_APP_URL,MODIFIED_DT,MODIFIED_USER_ID,MODIFIED_HOST_IP,MODIFIED_APP_URL,ORG_CD,DEPT_CD,P_DEPT_CD,DEPT_NM_KOR,DEPT_ABBR_KOR,DEPT_NM_ENG,DEPT_ABBR_ENG,FROM_DT,TO_DT,PRT_SEQ,CMT)
VALUES('2022-01-01','admin','local','local','2022-01-01','admin','local','local','001','AAA','AA','AAA팀',NULL,'AAATEAM',NULL,'2001-01-01','9999-12-31',1,NULL);
INSERT INTO COMDEPT
(CREATED_DT,CREATED_USER_ID,CREATED_HOST_IP,CREATED_APP_URL,MODIFIED_DT,MODIFIED_USER_ID,MODIFIED_HOST_IP,MODIFIED_APP_URL,ORG_CD,DEPT_CD,P_DEPT_CD,DEPT_NM_KOR,DEPT_ABBR_KOR,DEPT_NM_ENG,DEPT_ABBR_ENG,FROM_DT,TO_DT,PRT_SEQ,CMT)
VALUES('2022-01-01','admin','local','local','2022-01-01','admin','local','local','001','B',NULL,'B팀',NULL,'BTEAM',NULL,'2001-01-01','9999-12-31',1,NULL);
INSERT INTO COMDEPT
(CREATED_DT,CREATED_USER_ID,CREATED_HOST_IP,CREATED_APP_URL,MODIFIED_DT,MODIFIED_USER_ID,MODIFIED_HOST_IP,MODIFIED_APP_URL,ORG_CD,DEPT_CD,P_DEPT_CD,DEPT_NM_KOR,DEPT_ABBR_KOR,DEPT_NM_ENG,DEPT_ABBR_ENG,FROM_DT,TO_DT,PRT_SEQ,CMT)
VALUES('2022-01-01','admin','local','local','2022-01-01','admin','local','local','001','BB','B','BB팀',NULL,'BBTEAM',NULL,'2001-01-01','9999-12-31',1,NULL);


INSERT INTO COMRESOURCE
(CREATED_DT, CREATED_USER_ID, MODIFIED_DT, MODIFIED_USER_ID, RESOURCE_ID, RESOURCE_NAME, RESOURCE_TYPE, URL, DESCRIPTION)
VALUES('2022-01-01', 'admin', '2022-01-01', 'admin', 'COM001', '샘플', 'IMAGE', 'https://zos.alipayobjects.com/rmsportal/jkjgkEfvpUPVyRjUImniVslZfWPnJuuZ.png', '샘플 이미지');


INSERT INTO COMROLE
(CREATED_DT, CREATED_USER_ID, MODIFIED_DT, MODIFIED_USER_ID, ORG_CD, ROLE_CD, ROLE_NM, DESCRIPTION, MENU_GROUP_CD)
VALUES('2022-01-01', 'admin', '2022-01-01', 'admin', '001', 'ROLE_ENV', '환경설정 롤(전직원)', '환경설정 롤(전직원)','ENV');
INSERT INTO COMROLE
(CREATED_DT, CREATED_USER_ID, MODIFIED_DT, MODIFIED_USER_ID, ORG_CD, ROLE_CD, ROLE_NM, DESCRIPTION, MENU_GROUP_CD)
VALUES('2022-01-01', 'admin', '2022-01-01', 'admin', '001', 'ROLE_COM', '시스템운영 관리자 롤', '시스템운영 관리자 롤','COM');
INSERT INTO COMROLE
(CREATED_DT, CREATED_USER_ID, MODIFIED_DT, MODIFIED_USER_ID, ORG_CD, ROLE_CD, ROLE_NM, DESCRIPTION, MENU_GROUP_CD)
VALUES('2022-01-01', 'admin', '2022-01-01', 'admin', '001', 'ROLE_GRP', '그룹웨어 관리자 롤', '그룹웨어 관리자 롤','GRP');
INSERT INTO COMROLE
(CREATED_DT, CREATED_USER_ID, MODIFIED_DT, MODIFIED_USER_ID, ORG_CD, ROLE_CD, ROLE_NM, DESCRIPTION, MENU_GROUP_CD)
VALUES('2022-01-01', 'admin', '2022-01-01', 'admin', '001', 'ROLE_HRM', '인사관리 관리자 롤', '인사관리 관리자 롤','HRM');


INSERT INTO COMMENUGROUP
(CREATED_DT, CREATED_USER_ID, MODIFIED_DT, MODIFIED_USER_ID, ORG_CD, MENU_GROUP_CD, MENU_GROUP_NM, MENU_GROUP_URL, DESCRIPTION, SEQ)
VALUES('2022-01-01', 'admin', '2022-01-01', 'admin', '001', 'ENV', '계정정보', 'profile', NULL, 0 );
INSERT INTO COMMENUGROUP
(CREATED_DT, CREATED_USER_ID, MODIFIED_DT, MODIFIED_USER_ID, ORG_CD, MENU_GROUP_CD, MENU_GROUP_NM, MENU_GROUP_URL, DESCRIPTION, SEQ)
VALUES('2022-01-01', 'admin', '2022-01-01', 'admin', '001', 'COM', '시스템운영', 'system', NULL, 1);
INSERT INTO COMMENUGROUP
(CREATED_DT, CREATED_USER_ID, MODIFIED_DT, MODIFIED_USER_ID, ORG_CD, MENU_GROUP_CD, MENU_GROUP_NM, MENU_GROUP_URL, DESCRIPTION, SEQ)
VALUES('2022-01-01', 'admin', '2022-01-01', 'admin', '001', 'GRP', '그룹웨어', 'grw', NULL, 2);
INSERT INTO COMMENUGROUP
(CREATED_DT, CREATED_USER_ID, MODIFIED_DT, MODIFIED_USER_ID, ORG_CD, MENU_GROUP_CD, MENU_GROUP_NM, MENU_GROUP_URL, DESCRIPTION, SEQ)
VALUES('2022-01-01', 'admin', '2022-01-01', 'admin', '001', 'HRM', '인사관리', 'hrm', NULL, 3);


INSERT INTO COMMENU
(CREATED_DT, CREATED_USER_ID, MODIFIED_DT, MODIFIED_USER_ID, MENU_GROUP_CD, ORG_CD, MENU_CD, MENU_NM, P_MENU_CD, APP_URL, SEQ, LVL, MENU_TYPE)
VALUES('2022-01-01', 'admin', '2022-01-01', 'admin', 'ENV', '001', '11','프로필', NULL, 'edit', 1, 0, 'ITEM');
INSERT INTO COMMENU
(CREATED_DT, CREATED_USER_ID, MODIFIED_DT, MODIFIED_USER_ID, MENU_GROUP_CD, ORG_CD, MENU_CD, MENU_NM, P_MENU_CD, APP_URL, SEQ, LVL, MENU_TYPE)
VALUES('2022-01-01', 'admin', '2022-01-01', 'admin', 'COM', '001', '10','시스템기초정보', NULL, NULL, 1, 0, 'SUBMENU');
INSERT INTO COMMENU
(CREATED_DT, CREATED_USER_ID, MODIFIED_DT, MODIFIED_USER_ID, MENU_GROUP_CD, ORG_CD, MENU_CD, MENU_NM, P_MENU_CD, APP_URL, SEQ, LVL, MENU_TYPE)
VALUES('2022-01-01', 'admin', '2022-01-01', 'admin', 'COM', '001', '11','회사등록', '10', 'company', 1, 1, 'ITEM');
INSERT INTO COMMENU
(CREATED_DT, CREATED_USER_ID, MODIFIED_DT, MODIFIED_USER_ID, MENU_GROUP_CD, ORG_CD, MENU_CD, MENU_NM, P_MENU_CD, APP_URL, SEQ, LVL, MENU_TYPE)
VALUES('2022-01-01', 'admin', '2022-01-01', 'admin', 'COM', '001', '12','부서코드등록', '10', 'dept', 2, 1, 'ITEM');
INSERT INTO COMMENU
(CREATED_DT, CREATED_USER_ID, MODIFIED_DT, MODIFIED_USER_ID, MENU_GROUP_CD, ORG_CD, MENU_CD, MENU_NM, P_MENU_CD, APP_URL, SEQ, LVL, MENU_TYPE)
VALUES('2022-01-01', 'admin', '2022-01-01', 'admin', 'COM', '001', '13','공휴일등록', '10', 'holiday', 3, 1, 'ITEM');
INSERT INTO COMMENU
(CREATED_DT, CREATED_USER_ID, MODIFIED_DT, MODIFIED_USER_ID, MENU_GROUP_CD, ORG_CD, MENU_CD, MENU_NM, P_MENU_CD, APP_URL, SEQ, LVL, MENU_TYPE)
VALUES('2022-01-01', 'admin', '2022-01-01', 'admin', 'COM', '001', '14','리소스등록', '10', 'webresource', 4, 1, 'ITEM');
INSERT INTO COMMENU
(CREATED_DT, CREATED_USER_ID, MODIFIED_DT, MODIFIED_USER_ID, MENU_GROUP_CD, ORG_CD, MENU_CD, MENU_NM, P_MENU_CD, APP_URL, SEQ, LVL, MENU_TYPE)
VALUES('2022-01-01', 'admin', '2022-01-01', 'admin', 'COM', '001', '20','사용자/메뉴/롤 관리', NULL, NULL, 2, 0, 'SUBMENU');
INSERT INTO COMMENU
(CREATED_DT, CREATED_USER_ID, MODIFIED_DT, MODIFIED_USER_ID, MENU_GROUP_CD, ORG_CD, MENU_CD, MENU_NM, P_MENU_CD, APP_URL, SEQ, LVL, MENU_TYPE)
VALUES('2022-01-01', 'admin', '2022-01-01', 'admin', 'COM', '001', '21','사용자등록', '20', 'user', 1, 1, 'ITEM');
INSERT INTO COMMENU
(CREATED_DT, CREATED_USER_ID, MODIFIED_DT, MODIFIED_USER_ID, MENU_GROUP_CD, ORG_CD, MENU_CD, MENU_NM, P_MENU_CD, APP_URL, SEQ, LVL, MENU_TYPE)
VALUES('2022-01-01', 'admin', '2022-01-01', 'admin', 'COM', '001', '22','롤등록', '20', 'role', 2, 1, 'ITEM');
INSERT INTO COMMENU
(CREATED_DT, CREATED_USER_ID, MODIFIED_DT, MODIFIED_USER_ID, MENU_GROUP_CD, ORG_CD, MENU_CD, MENU_NM, P_MENU_CD, APP_URL, SEQ, LVL, MENU_TYPE)
VALUES('2022-01-01', 'admin', '2022-01-01', 'admin', 'COM', '001', '23','메뉴등록', '20', 'menu', 6, 1, 'ITEM');
INSERT INTO COMMENU
(CREATED_DT, CREATED_USER_ID, MODIFIED_DT, MODIFIED_USER_ID, MENU_GROUP_CD, ORG_CD, MENU_CD, MENU_NM, P_MENU_CD, APP_URL, SEQ, LVL, MENU_TYPE)
VALUES('2022-01-01', 'admin', '2022-01-01', 'admin', 'COM', '001', '24','메뉴롤등록', '20', 'menu-role', 6, 1, 'ITEM');
INSERT INTO COMMENU
(CREATED_DT, CREATED_USER_ID, MODIFIED_DT, MODIFIED_USER_ID, MENU_GROUP_CD, ORG_CD, MENU_CD, MENU_NM, P_MENU_CD, APP_URL, SEQ, LVL, MENU_TYPE)
VALUES('2022-01-01', 'admin', '2022-01-01', 'admin', 'COM', '001', '30','코드관리', NULL, NULL, 3, 0, 'SUBMENU');
INSERT INTO COMMENU
(CREATED_DT, CREATED_USER_ID, MODIFIED_DT, MODIFIED_USER_ID, MENU_GROUP_CD, ORG_CD, MENU_CD, MENU_NM, P_MENU_CD, APP_URL, SEQ, LVL, MENU_TYPE)
VALUES('2022-01-01', 'admin', '2022-01-01', 'admin', 'COM', '001', '31','코드등록', '30', 'bizcode', 1, 1, 'ITEM');
INSERT INTO COMMENU
(CREATED_DT, CREATED_USER_ID, MODIFIED_DT, MODIFIED_USER_ID, MENU_GROUP_CD, ORG_CD, MENU_CD, MENU_NM, P_MENU_CD, APP_URL, SEQ, LVL, MENU_TYPE)
VALUES('2022-01-01', 'admin', '2022-01-01', 'admin', 'COM', '001', '32','계층코드등록', '30', 'commoncode', 2, 1, 'ITEM');
INSERT INTO COMMENU
(CREATED_DT, CREATED_USER_ID, MODIFIED_DT, MODIFIED_USER_ID, MENU_GROUP_CD, ORG_CD, MENU_CD, MENU_NM, P_MENU_CD, APP_URL, SEQ, LVL, MENU_TYPE)
VALUES('2022-01-01', 'admin', '2022-01-01', 'admin', 'COM', '001', '40','용어관리', NULL, NULL, 4, 0, 'SUBMENU');
INSERT INTO COMMENU
(CREATED_DT, CREATED_USER_ID, MODIFIED_DT, MODIFIED_USER_ID, MENU_GROUP_CD, ORG_CD, MENU_CD, MENU_NM, P_MENU_CD, APP_URL, SEQ, LVL, MENU_TYPE)
VALUES('2022-01-01', 'admin', '2022-01-01', 'admin', 'COM', '001', '41','용어등록', '40', 'term', 9, 1, 'ITEM');

INSERT INTO COMMENU
(CREATED_DT, CREATED_USER_ID, MODIFIED_DT, MODIFIED_USER_ID, MENU_GROUP_CD, ORG_CD, MENU_CD, MENU_NM, P_MENU_CD, APP_URL, SEQ, LVL, MENU_TYPE)
VALUES('2022-01-01', 'admin', '2022-01-01', 'admin', 'GRP', '001', '10','게시판', NULL, NULL, 1, 0, 'SUBMENU');
INSERT INTO COMMENU
(CREATED_DT, CREATED_USER_ID, MODIFIED_DT, MODIFIED_USER_ID, MENU_GROUP_CD, ORG_CD, MENU_CD, MENU_NM, P_MENU_CD, APP_URL, SEQ, LVL, MENU_TYPE)
VALUES('2022-01-01', 'admin', '2022-01-01', 'admin', 'GRP', '001', '11','게시판등록(관리자)', '10', 'boardm', 1, 0, 'ITEM');
INSERT INTO COMMENU
(CREATED_DT, CREATED_USER_ID, MODIFIED_DT, MODIFIED_USER_ID, MENU_GROUP_CD, ORG_CD, MENU_CD, MENU_NM, P_MENU_CD, APP_URL, SEQ, LVL, MENU_TYPE)
VALUES('2022-01-01', 'admin', '2022-01-01', 'admin', 'GRP', '001', '12','게시판', '10', 'board', 2, 0, 'ITEM');
INSERT INTO COMMENU
(CREATED_DT, CREATED_USER_ID, MODIFIED_DT, MODIFIED_USER_ID, MENU_GROUP_CD, ORG_CD, MENU_CD, MENU_NM, P_MENU_CD, APP_URL, SEQ, LVL, MENU_TYPE)
VALUES('2022-01-01', 'admin', '2022-01-01', 'admin', 'GRP', '001', '20','CALENDAR', NULL, NULL, 2, 0, 'SUBMENU');
INSERT INTO COMMENU
(CREATED_DT, CREATED_USER_ID, MODIFIED_DT, MODIFIED_USER_ID, MENU_GROUP_CD, ORG_CD, MENU_CD, MENU_NM, P_MENU_CD, APP_URL, SEQ, LVL, MENU_TYPE)
VALUES('2022-01-01', 'admin', '2022-01-01', 'admin', 'GRP', '001', '21','CALENDAR', '20', 'workcalendar', 1, 0, 'ITEM');
INSERT INTO COMMENU
(CREATED_DT, CREATED_USER_ID, MODIFIED_DT, MODIFIED_USER_ID, MENU_GROUP_CD, ORG_CD, MENU_CD, MENU_NM, P_MENU_CD, APP_URL, SEQ, LVL, MENU_TYPE)
VALUES('2022-01-01', 'admin', '2022-01-01', 'admin', 'GRP', '001', '30','팀관리', NULL, NULL, 3, 0, 'SUBMENU');
INSERT INTO COMMENU
(CREATED_DT, CREATED_USER_ID, MODIFIED_DT, MODIFIED_USER_ID, MENU_GROUP_CD, ORG_CD, MENU_CD, MENU_NM, P_MENU_CD, APP_URL, SEQ, LVL, MENU_TYPE)
VALUES('2022-01-01', 'admin', '2022-01-01', 'admin', 'GRP', '001', '31','팀등록', '30', 'team', 1, 0, 'ITEM');
INSERT INTO COMMENU
(CREATED_DT, CREATED_USER_ID, MODIFIED_DT, MODIFIED_USER_ID, MENU_GROUP_CD, ORG_CD, MENU_CD, MENU_NM, P_MENU_CD, APP_URL, SEQ, LVL, MENU_TYPE)
VALUES('2022-01-01', 'admin', '2022-01-01', 'admin', 'GRP', '001', '40','할일관리', NULL, NULL, 4, 0, 'SUBMENU');
INSERT INTO COMMENU
(CREATED_DT, CREATED_USER_ID, MODIFIED_DT, MODIFIED_USER_ID, MENU_GROUP_CD, ORG_CD, MENU_CD, MENU_NM, P_MENU_CD, APP_URL, SEQ, LVL, MENU_TYPE)
VALUES('2022-01-01', 'admin', '2022-01-01', 'admin', 'GRP', '001', '41','TODO', '40', 'todo', 1, 0, 'ITEM');


INSERT INTO COMMENU
(CREATED_DT, CREATED_USER_ID, MODIFIED_DT, MODIFIED_USER_ID, MENU_GROUP_CD, ORG_CD, MENU_CD, MENU_NM, P_MENU_CD, APP_URL, SEQ, LVL, MENU_TYPE)
VALUES('2022-01-01', 'admin', '2022-01-01', 'admin', 'HRM', '001', '10','코드관리', NULL, NULL, 1, 0, 'SUBMENU');
INSERT INTO COMMENU
(CREATED_DT, CREATED_USER_ID, MODIFIED_DT, MODIFIED_USER_ID, MENU_GROUP_CD, ORG_CD, MENU_CD, MENU_NM, P_MENU_CD, APP_URL, SEQ, LVL, MENU_TYPE)
VALUES('2022-01-01', 'admin', '2022-01-01', 'admin', 'HRM', '001', '11','HRM코드관리', '10', 'hrmtype', 1, 0, 'ITEM');
INSERT INTO COMMENU
(CREATED_DT, CREATED_USER_ID, MODIFIED_DT, MODIFIED_USER_ID, MENU_GROUP_CD, ORG_CD, MENU_CD, MENU_NM, P_MENU_CD, APP_URL, SEQ, LVL, MENU_TYPE)
VALUES('2022-01-01', 'admin', '2022-01-01', 'admin', 'HRM', '001', '20','인사정보관리', NULL, NULL, 2, 0, 'SUBMENU');
INSERT INTO COMMENU
(CREATED_DT, CREATED_USER_ID, MODIFIED_DT, MODIFIED_USER_ID, MENU_GROUP_CD, ORG_CD, MENU_CD, MENU_NM, P_MENU_CD, APP_URL, SEQ, LVL, MENU_TYPE)
VALUES('2022-01-01', 'admin', '2022-01-01', 'admin', 'HRM', '001', '21','인사기본관리', '20', 'staff', 2, 0, 'ITEM');
INSERT INTO COMMENU
(CREATED_DT, CREATED_USER_ID, MODIFIED_DT, MODIFIED_USER_ID, MENU_GROUP_CD, ORG_CD, MENU_CD, MENU_NM, P_MENU_CD, APP_URL, SEQ, LVL, MENU_TYPE)
VALUES('2022-01-01', 'admin', '2022-01-01', 'admin', 'HRM', '001', '22','협력직원관리', '20', 'partnerstaff', 2, 0, 'ITEM');
INSERT INTO COMMENU
(CREATED_DT, CREATED_USER_ID, MODIFIED_DT, MODIFIED_USER_ID, MENU_GROUP_CD, ORG_CD, MENU_CD, MENU_NM, P_MENU_CD, APP_URL, SEQ, LVL, MENU_TYPE)
VALUES('2022-01-01', 'admin', '2022-01-01', 'admin', 'HRM', '001', '23','발령명단', '20', 'appointmentlist', 2, 0, 'ITEM');
INSERT INTO COMMENU
(CREATED_DT, CREATED_USER_ID, MODIFIED_DT, MODIFIED_USER_ID, MENU_GROUP_CD, ORG_CD, MENU_CD, MENU_NM, P_MENU_CD, APP_URL, SEQ, LVL, MENU_TYPE)
VALUES('2022-01-01', 'admin', '2022-01-01', 'admin', 'HRM', '001', '30','근태', NULL, NULL, 2, 0, 'SUBMENU');
INSERT INTO COMMENU
(CREATED_DT, CREATED_USER_ID, MODIFIED_DT, MODIFIED_USER_ID, MENU_GROUP_CD, ORG_CD, MENU_CD, MENU_NM, P_MENU_CD, APP_URL, SEQ, LVL, MENU_TYPE)
VALUES('2022-01-01', 'admin', '2022-01-01', 'admin', 'HRM', '001', '31','근무변동신청', '30', 'dutyapplication', 2, 0, 'ITEM');
INSERT INTO COMMENU
(CREATED_DT, CREATED_USER_ID, MODIFIED_DT, MODIFIED_USER_ID, MENU_GROUP_CD, ORG_CD, MENU_CD, MENU_NM, P_MENU_CD, APP_URL, SEQ, LVL, MENU_TYPE)
VALUES('2022-01-01', 'admin', '2022-01-01', 'admin', 'HRM', '001', '40','급여', NULL, NULL, 2, 0, 'SUBMENU');
INSERT INTO COMMENU
(CREATED_DT, CREATED_USER_ID, MODIFIED_DT, MODIFIED_USER_ID, MENU_GROUP_CD, ORG_CD, MENU_CD, MENU_NM, P_MENU_CD, APP_URL, SEQ, LVL, MENU_TYPE)
VALUES('2022-01-01', 'admin', '2022-01-01', 'admin', 'HRM', '001', '41','급여항목', '40', 'payitem', 2, 0, 'ITEM');
INSERT INTO COMMENU
(CREATED_DT, CREATED_USER_ID, MODIFIED_DT, MODIFIED_USER_ID, MENU_GROUP_CD, ORG_CD, MENU_CD, MENU_NM, P_MENU_CD, APP_URL, SEQ, LVL, MENU_TYPE)
VALUES('2022-01-01', 'admin', '2022-01-01', 'admin', 'HRM', '001', '42','급여테이블', '40', 'paytable', 2, 0, 'ITEM');
INSERT INTO COMMENU
(CREATED_DT, CREATED_USER_ID, MODIFIED_DT, MODIFIED_USER_ID, MENU_GROUP_CD, ORG_CD, MENU_CD, MENU_NM, P_MENU_CD, APP_URL, SEQ, LVL, MENU_TYPE)
VALUES('2022-01-01', 'admin', '2022-01-01', 'admin', 'HRM', '001', '43','급여항목_직원별금액', '40', 'payitemstaff', 3, 0, 'ITEM');
INSERT INTO COMMENU
(CREATED_DT, CREATED_USER_ID, MODIFIED_DT, MODIFIED_USER_ID, MENU_GROUP_CD, ORG_CD, MENU_CD, MENU_NM, P_MENU_CD, APP_URL, SEQ, LVL, MENU_TYPE)
VALUES('2022-01-01', 'admin', '2022-01-01', 'admin', 'HRM', '001', '44','급여계산식', '40', 'payexpression', 4, 0, 'ITEM');

INSERT INTO COMMENUROLE
(CREATED_DT, CREATED_USER_ID, MODIFIED_DT, MODIFIED_USER_ID, ORG_CD, MENU_GROUP_CD, MENU_CD, ROLE_CD)
VALUES('2022-01-01', 'admin', '2022-01-01', 'admin', '001', 'ENV', '11','ROLE_ENV');

INSERT INTO COMMENUROLE
(CREATED_DT, CREATED_USER_ID, MODIFIED_DT, MODIFIED_USER_ID, ORG_CD, MENU_GROUP_CD, MENU_CD, ROLE_CD)
VALUES('2022-01-01', 'admin', '2022-01-01', 'admin', '001', 'COM', '10','ROLE_COM');
INSERT INTO COMMENUROLE
(CREATED_DT, CREATED_USER_ID, MODIFIED_DT, MODIFIED_USER_ID, ORG_CD, MENU_GROUP_CD, MENU_CD, ROLE_CD)
VALUES('2022-01-01', 'admin', '2022-01-01', 'admin', '001', 'COM', '11','ROLE_COM');
INSERT INTO COMMENUROLE
(CREATED_DT, CREATED_USER_ID, MODIFIED_DT, MODIFIED_USER_ID, ORG_CD, MENU_GROUP_CD, MENU_CD, ROLE_CD)
VALUES('2022-01-01', 'admin', '2022-01-01', 'admin', '001', 'COM', '12','ROLE_COM');
INSERT INTO COMMENUROLE
(CREATED_DT, CREATED_USER_ID, MODIFIED_DT, MODIFIED_USER_ID, ORG_CD, MENU_GROUP_CD, MENU_CD, ROLE_CD)
VALUES('2022-01-01', 'admin', '2022-01-01', 'admin', '001', 'COM', '13','ROLE_COM');
INSERT INTO COMMENUROLE
(CREATED_DT, CREATED_USER_ID, MODIFIED_DT, MODIFIED_USER_ID, ORG_CD, MENU_GROUP_CD, MENU_CD, ROLE_CD)
VALUES('2022-01-01', 'admin', '2022-01-01', 'admin', '001', 'COM', '14','ROLE_COM');
INSERT INTO COMMENUROLE
(CREATED_DT, CREATED_USER_ID, MODIFIED_DT, MODIFIED_USER_ID, ORG_CD, MENU_GROUP_CD, MENU_CD, ROLE_CD)
VALUES('2022-01-01', 'admin', '2022-01-01', 'admin', '001', 'COM', '20','ROLE_COM');
INSERT INTO COMMENUROLE
(CREATED_DT, CREATED_USER_ID, MODIFIED_DT, MODIFIED_USER_ID, ORG_CD, MENU_GROUP_CD, MENU_CD, ROLE_CD)
VALUES('2022-01-01', 'admin', '2022-01-01', 'admin', '001', 'COM', '21','ROLE_COM');
INSERT INTO COMMENUROLE
(CREATED_DT, CREATED_USER_ID, MODIFIED_DT, MODIFIED_USER_ID, ORG_CD, MENU_GROUP_CD, MENU_CD, ROLE_CD)
VALUES('2022-01-01', 'admin', '2022-01-01', 'admin', '001', 'COM', '22','ROLE_COM');
INSERT INTO COMMENUROLE
(CREATED_DT, CREATED_USER_ID, MODIFIED_DT, MODIFIED_USER_ID, ORG_CD, MENU_GROUP_CD, MENU_CD, ROLE_CD)
VALUES('2022-01-01', 'admin', '2022-01-01', 'admin', '001', 'COM', '23','ROLE_COM');
INSERT INTO COMMENUROLE
(CREATED_DT, CREATED_USER_ID, MODIFIED_DT, MODIFIED_USER_ID, ORG_CD, MENU_GROUP_CD, MENU_CD, ROLE_CD)
VALUES('2022-01-01', 'admin', '2022-01-01', 'admin', '001', 'COM', '24','ROLE_COM');
INSERT INTO COMMENUROLE
(CREATED_DT, CREATED_USER_ID, MODIFIED_DT, MODIFIED_USER_ID, ORG_CD, MENU_GROUP_CD, MENU_CD, ROLE_CD)
VALUES('2022-01-01', 'admin', '2022-01-01', 'admin', '001', 'COM', '30','ROLE_COM');
INSERT INTO COMMENUROLE
(CREATED_DT, CREATED_USER_ID, MODIFIED_DT, MODIFIED_USER_ID, ORG_CD, MENU_GROUP_CD, MENU_CD, ROLE_CD)
VALUES('2022-01-01', 'admin', '2022-01-01', 'admin', '001', 'COM', '31','ROLE_COM');
INSERT INTO COMMENUROLE
(CREATED_DT, CREATED_USER_ID, MODIFIED_DT, MODIFIED_USER_ID, ORG_CD, MENU_GROUP_CD, MENU_CD, ROLE_CD)
VALUES('2022-01-01', 'admin', '2022-01-01', 'admin', '001', 'COM', '32','ROLE_COM');
INSERT INTO COMMENUROLE
(CREATED_DT, CREATED_USER_ID, MODIFIED_DT, MODIFIED_USER_ID, ORG_CD, MENU_GROUP_CD, MENU_CD, ROLE_CD)
VALUES('2022-01-01', 'admin', '2022-01-01', 'admin', '001', 'COM', '40','ROLE_COM');
INSERT INTO COMMENUROLE
(CREATED_DT, CREATED_USER_ID, MODIFIED_DT, MODIFIED_USER_ID, ORG_CD, MENU_GROUP_CD, MENU_CD, ROLE_CD)
VALUES('2022-01-01', 'admin', '2022-01-01', 'admin', '001', 'COM', '41','ROLE_COM');

INSERT INTO COMMENUROLE
(CREATED_DT, CREATED_USER_ID, MODIFIED_DT, MODIFIED_USER_ID, ORG_CD, MENU_GROUP_CD, MENU_CD, ROLE_CD)
VALUES('2022-01-01', 'admin', '2022-01-01', 'admin', '001', 'GRP', '10','ROLE_GRP');
INSERT INTO COMMENUROLE
(CREATED_DT, CREATED_USER_ID, MODIFIED_DT, MODIFIED_USER_ID, ORG_CD, MENU_GROUP_CD, MENU_CD, ROLE_CD)
VALUES('2022-01-01', 'admin', '2022-01-01', 'admin', '001', 'GRP', '11','ROLE_GRP');
INSERT INTO COMMENUROLE
(CREATED_DT, CREATED_USER_ID, MODIFIED_DT, MODIFIED_USER_ID, ORG_CD, MENU_GROUP_CD, MENU_CD, ROLE_CD)
VALUES('2022-01-01', 'admin', '2022-01-01', 'admin', '001', 'GRP', '12','ROLE_GRP');
INSERT INTO COMMENUROLE
(CREATED_DT, CREATED_USER_ID, MODIFIED_DT, MODIFIED_USER_ID, ORG_CD, MENU_GROUP_CD, MENU_CD, ROLE_CD)
VALUES('2022-01-01', 'admin', '2022-01-01', 'admin', '001', 'GRP', '20','ROLE_GRP');
INSERT INTO COMMENUROLE
(CREATED_DT, CREATED_USER_ID, MODIFIED_DT, MODIFIED_USER_ID, ORG_CD, MENU_GROUP_CD, MENU_CD, ROLE_CD)
VALUES('2022-01-01', 'admin', '2022-01-01', 'admin', '001', 'GRP', '21','ROLE_GRP');
INSERT INTO COMMENUROLE
(CREATED_DT, CREATED_USER_ID, MODIFIED_DT, MODIFIED_USER_ID, ORG_CD, MENU_GROUP_CD, MENU_CD, ROLE_CD)
VALUES('2022-01-01', 'admin', '2022-01-01', 'admin', '001', 'GRP', '22','ROLE_GRP');
INSERT INTO COMMENUROLE
(CREATED_DT, CREATED_USER_ID, MODIFIED_DT, MODIFIED_USER_ID, ORG_CD, MENU_GROUP_CD, MENU_CD, ROLE_CD)
VALUES('2022-01-01', 'admin', '2022-01-01', 'admin', '001', 'GRP', '30','ROLE_GRP');
INSERT INTO COMMENUROLE
(CREATED_DT, CREATED_USER_ID, MODIFIED_DT, MODIFIED_USER_ID, ORG_CD, MENU_GROUP_CD, MENU_CD, ROLE_CD)
VALUES('2022-01-01', 'admin', '2022-01-01', 'admin', '001', 'GRP', '31','ROLE_GRP');
INSERT INTO COMMENUROLE
(CREATED_DT, CREATED_USER_ID, MODIFIED_DT, MODIFIED_USER_ID, ORG_CD, MENU_GROUP_CD, MENU_CD, ROLE_CD)
VALUES('2022-01-01', 'admin', '2022-01-01', 'admin', '001', 'GRP', '40','ROLE_GRP');
INSERT INTO COMMENUROLE
(CREATED_DT, CREATED_USER_ID, MODIFIED_DT, MODIFIED_USER_ID, ORG_CD, MENU_GROUP_CD, MENU_CD, ROLE_CD)
VALUES('2022-01-01', 'admin', '2022-01-01', 'admin', '001', 'GRP', '41','ROLE_GRP');
INSERT INTO COMMENUROLE
(CREATED_DT, CREATED_USER_ID, MODIFIED_DT, MODIFIED_USER_ID, ORG_CD, MENU_GROUP_CD, MENU_CD, ROLE_CD)
VALUES('2022-01-01', 'admin', '2022-01-01', 'admin', '001', 'HRM', '10','ROLE_HRM');
INSERT INTO COMMENUROLE
(CREATED_DT, CREATED_USER_ID, MODIFIED_DT, MODIFIED_USER_ID, ORG_CD, MENU_GROUP_CD, MENU_CD, ROLE_CD)
VALUES('2022-01-01', 'admin', '2022-01-01', 'admin', '001', 'HRM', '11','ROLE_HRM');
INSERT INTO COMMENUROLE
(CREATED_DT, CREATED_USER_ID, MODIFIED_DT, MODIFIED_USER_ID, ORG_CD, MENU_GROUP_CD, MENU_CD, ROLE_CD)
VALUES('2022-01-01', 'admin', '2022-01-01', 'admin', '001', 'HRM', '20','ROLE_HRM');
INSERT INTO COMMENUROLE
(CREATED_DT, CREATED_USER_ID, MODIFIED_DT, MODIFIED_USER_ID, ORG_CD, MENU_GROUP_CD, MENU_CD, ROLE_CD)
VALUES('2022-01-01', 'admin', '2022-01-01', 'admin', '001', 'HRM', '21','ROLE_HRM');
INSERT INTO COMMENUROLE
(CREATED_DT, CREATED_USER_ID, MODIFIED_DT, MODIFIED_USER_ID, ORG_CD, MENU_GROUP_CD, MENU_CD, ROLE_CD)
VALUES('2022-01-01', 'admin', '2022-01-01', 'admin', '001', 'HRM', '22','ROLE_HRM');
INSERT INTO COMMENUROLE
(CREATED_DT, CREATED_USER_ID, MODIFIED_DT, MODIFIED_USER_ID, ORG_CD, MENU_GROUP_CD, MENU_CD, ROLE_CD)
VALUES('2022-01-01', 'admin', '2022-01-01', 'admin', '001', 'HRM', '23','ROLE_HRM');
INSERT INTO COMMENUROLE
(CREATED_DT, CREATED_USER_ID, MODIFIED_DT, MODIFIED_USER_ID, ORG_CD, MENU_GROUP_CD, MENU_CD, ROLE_CD)
VALUES('2022-01-01', 'admin', '2022-01-01', 'admin', '001', 'HRM', '30','ROLE_HRM');
INSERT INTO COMMENUROLE
(CREATED_DT, CREATED_USER_ID, MODIFIED_DT, MODIFIED_USER_ID, ORG_CD, MENU_GROUP_CD, MENU_CD, ROLE_CD)
VALUES('2022-01-01', 'admin', '2022-01-01', 'admin', '001', 'HRM', '31','ROLE_HRM');
INSERT INTO COMMENUROLE
(CREATED_DT, CREATED_USER_ID, MODIFIED_DT, MODIFIED_USER_ID, ORG_CD, MENU_GROUP_CD, MENU_CD, ROLE_CD)
VALUES('2022-01-01', 'admin', '2022-01-01', 'admin', '001', 'HRM', '40','ROLE_HRM');
INSERT INTO COMMENUROLE
(CREATED_DT, CREATED_USER_ID, MODIFIED_DT, MODIFIED_USER_ID, ORG_CD, MENU_GROUP_CD, MENU_CD, ROLE_CD)
VALUES('2022-01-01', 'admin', '2022-01-01', 'admin', '001', 'HRM', '41','ROLE_HRM');
INSERT INTO COMMENUROLE
(CREATED_DT, CREATED_USER_ID, MODIFIED_DT, MODIFIED_USER_ID, ORG_CD, MENU_GROUP_CD, MENU_CD, ROLE_CD)
VALUES('2022-01-01', 'admin', '2022-01-01', 'admin', '001', 'HRM', '42','ROLE_HRM');
INSERT INTO COMMENUROLE
(CREATED_DT, CREATED_USER_ID, MODIFIED_DT, MODIFIED_USER_ID, ORG_CD, MENU_GROUP_CD, MENU_CD, ROLE_CD)
VALUES('2022-01-01', 'admin', '2022-01-01', 'admin', '001', 'HRM', '43','ROLE_HRM');
INSERT INTO COMMENUROLE
(CREATED_DT, CREATED_USER_ID, MODIFIED_DT, MODIFIED_USER_ID, ORG_CD, MENU_GROUP_CD, MENU_CD, ROLE_CD)
VALUES('2022-01-01', 'admin', '2022-01-01', 'admin', '001', 'HRM', '44','ROLE_HRM');



INSERT INTO COMUSER
(USER_ID, PWD, USER_NAME, MOBILE_NUM, EMAIL, NON_EXPIRED_YN, NON_LOCKED_YN, ENABLED_YN, PASS_NON_EXPIRED_YN, CREATED_DT, CREATED_USER_ID, MODIFIED_DT, MODIFIED_USER_ID) 
VALUES('admin', '$2a$10$2rUCawd6xNfqGlnqMRV.3.1eapi6HJExs5kMqSJS3oULEZGsYmpra', '관리자', '01012345678', 'devkbm0417@gmail.com', 1, 1, 1, 1, '2022-01-01', 'admin', '2022-01-01', 'admin');
INSERT INTO COMUSER
(USER_ID, PWD, USER_NAME, MOBILE_NUM, EMAIL, NON_EXPIRED_YN, NON_LOCKED_YN, ENABLED_YN, PASS_NON_EXPIRED_YN, CREATED_DT, CREATED_USER_ID, MODIFIED_DT, MODIFIED_USER_ID) 
VALUES('1', '$2a$10$2rUCawd6xNfqGlnqMRV.3.1eapi6HJExs5kMqSJS3oULEZGsYmpra', 'TEST', '01012345678', 'test1@gmail.com', 1, 1, 1, 1, '2022-01-01', '1', '2022-01-01', '1');
INSERT INTO COMUSER
(USER_ID, PWD, USER_NAME, MOBILE_NUM, EMAIL, NON_EXPIRED_YN, NON_LOCKED_YN, ENABLED_YN, PASS_NON_EXPIRED_YN, CREATED_DT, CREATED_USER_ID, MODIFIED_DT, MODIFIED_USER_ID) 
VALUES('2', '$2a$10$2rUCawd6xNfqGlnqMRV.3.1eapi6HJExs5kMqSJS3oULEZGsYmpra', 'TEST2', '01012345678', 'test2@gmail.com', 1, 1, 1, 1, '2022-01-01', '1', '2022-01-01', '1');

INSERT INTO COMUSERCOMPANY
(CREATED_DT, CREATED_USER_ID, CREATED_HOST_IP, CREATED_APP_URL, MODIFIED_DT, MODIFIED_USER_ID, MODIFIED_HOST_IP, MODIFIED_APP_URL, USER_ID, ORG_CD, STAFF_NO, DEPT_CD, USE_YN)
VALUES('2022-01-01', 'admin', '127.0.0.1', 'db', '2022-01-01', 'admin', '127.0.0.1', 'db', 'admin', '001', 'admin', 'A', true);
INSERT INTO COMUSERCOMPANY
(CREATED_DT, CREATED_USER_ID, CREATED_HOST_IP, CREATED_APP_URL, MODIFIED_DT, MODIFIED_USER_ID, MODIFIED_HOST_IP, MODIFIED_APP_URL, USER_ID, ORG_CD, STAFF_NO, DEPT_CD, USE_YN)
VALUES('2022-01-01', 'admin', '127.0.0.1', 'db', '2022-01-01', 'admin', '127.0.0.1', 'db', '1', '001', '1', 'A', true);
INSERT INTO COMUSERCOMPANY
(CREATED_DT, CREATED_USER_ID, CREATED_HOST_IP, CREATED_APP_URL, MODIFIED_DT, MODIFIED_USER_ID, MODIFIED_HOST_IP, MODIFIED_APP_URL, USER_ID, ORG_CD, STAFF_NO, DEPT_CD, USE_YN)
VALUES('2022-01-01', 'admin', '127.0.0.1', 'db', '2022-01-01', 'admin', '127.0.0.1', 'db', '2', '001', '1', 'B', true);


INSERT INTO COMUSERROLE
(CREATED_DT, CREATED_USER_ID, MODIFIED_DT, MODIFIED_USER_ID, ORG_CD, USER_ID, ROLE_CD)
VALUES('2022-01-01', 'admin', '2022-01-01', 'admin', '001', 'admin', 'ROLE_ENV');
INSERT INTO COMUSERROLE
(CREATED_DT, CREATED_USER_ID, MODIFIED_DT, MODIFIED_USER_ID, ORG_CD, USER_ID, ROLE_CD)
VALUES('2022-01-01', 'admin', '2022-01-01', 'admin', '001', 'admin', 'ROLE_COM');
INSERT INTO COMUSERROLE
(CREATED_DT, CREATED_USER_ID, MODIFIED_DT, MODIFIED_USER_ID, ORG_CD, USER_ID, ROLE_CD)
VALUES('2022-01-01', 'admin', '2022-01-01', 'admin', '001', 'admin', 'ROLE_GRP');
INSERT INTO COMUSERROLE
(CREATED_DT, CREATED_USER_ID, MODIFIED_DT, MODIFIED_USER_ID, ORG_CD, USER_ID, ROLE_CD)
VALUES('2022-01-01', 'admin', '2022-01-01', 'admin', '001', 'admin', 'ROLE_HRM');
INSERT INTO COMUSERROLE
(CREATED_DT, CREATED_USER_ID, MODIFIED_DT, MODIFIED_USER_ID, ORG_CD, USER_ID, ROLE_CD)
VALUES('2022-01-01', 'admin', '2022-01-01', 'admin', '001', '1', 'ROLE_ENV');
INSERT INTO COMUSERROLE
(CREATED_DT, CREATED_USER_ID, MODIFIED_DT, MODIFIED_USER_ID, ORG_CD, USER_ID, ROLE_CD)
VALUES('2022-01-01', 'admin', '2022-01-01', 'admin', '001', '1', 'ROLE_COM');
INSERT INTO COMUSERROLE
(CREATED_DT, CREATED_USER_ID, MODIFIED_DT, MODIFIED_USER_ID, ORG_CD, USER_ID, ROLE_CD)
VALUES('2022-01-01', 'admin', '2022-01-01', 'admin', '001', '1', 'ROLE_GRP');
INSERT INTO COMUSERROLE
(CREATED_DT, CREATED_USER_ID, MODIFIED_DT, MODIFIED_USER_ID, ORG_CD, USER_ID, ROLE_CD)
VALUES('2022-01-01', 'admin', '2022-01-01', 'admin', '001', '1', 'ROLE_HRM');


INSERT INTO COMUSERSOCIAL
(CREATED_DT, CREATED_USER_ID, CREATED_HOST_IP, CREATED_APP_URL, MODIFIED_DT, MODIFIED_USER_ID, MODIFIED_HOST_IP, MODIFIED_APP_URL, USER_ID, SEQ, REG_ID, EMAIL)
VALUES('2022-01-01', 'admin', '127.0.0.1', 'db', '2022-01-01', 'admin', '127.0.0.1', 'db', 'admin', 1, 'google', 'devkbm0417@gmail.com');
INSERT INTO COMUSERSOCIAL
(CREATED_DT, CREATED_USER_ID, CREATED_HOST_IP, CREATED_APP_URL, MODIFIED_DT, MODIFIED_USER_ID, MODIFIED_HOST_IP, MODIFIED_APP_URL, USER_ID, SEQ, REG_ID, EMAIL)
VALUES('2022-01-01', 'admin', '127.0.0.1', 'db', '2022-01-01', 'admin', '127.0.0.1', 'db', 'admin', 2, 'kakao', 'kbm0417@nate.com');
INSERT INTO COMUSERSOCIAL
(CREATED_DT, CREATED_USER_ID, CREATED_HOST_IP, CREATED_APP_URL, MODIFIED_DT, MODIFIED_USER_ID, MODIFIED_HOST_IP, MODIFIED_APP_URL, USER_ID, SEQ, REG_ID, EMAIL)
VALUES('2022-01-01', 'admin', '127.0.0.1', 'db', '2022-01-01', 'admin', '127.0.0.1', 'db', 'admin', 3, 'naver', 'nayabyungmin@naver.com');


INSERT INTO COMTERMDOMAIN 
(DOMAIN_ID,CREATED_APP_URL,CREATED_USER_ID,CREATED_HOST_IP,CREATED_DT,MODIFIED_APP_URL,MODIFIED_USER_ID,MODIFIED_HOST_IP,MODIFIED_DT,DATA_TYPE,DB,DOMAIN_NAME)
VALUES ('MYSQL_명','localhost','admin','local','2022-01-01','localhost','admin','local','2022-01-01','VARCHAR(600)','MYSQL','명');
INSERT INTO COMTERMDOMAIN 
(DOMAIN_ID,CREATED_APP_URL,CREATED_USER_ID,CREATED_HOST_IP,CREATED_DT,MODIFIED_APP_URL,MODIFIED_USER_ID,MODIFIED_HOST_IP,MODIFIED_DT,DATA_TYPE,DB,DOMAIN_NAME)
VALUES ('MYSQL_내용','localhost','admin','local','2022-01-01','localhost','admin','local','2022-01-01','VARCHAR(3000)','MYSQL','내용');
INSERT INTO COMTERMDOMAIN 
(DOMAIN_ID,CREATED_APP_URL,CREATED_USER_ID,CREATED_HOST_IP,CREATED_DT,MODIFIED_APP_URL,MODIFIED_USER_ID,MODIFIED_HOST_IP,MODIFIED_DT,DATA_TYPE,DB,DOMAIN_NAME)
VALUES ('MYSQL_시간','localhost','admin','local','2022-01-01','localhost','admin','local','2022-01-01','DECIMAL(15,5)','MYSQL','시간');
INSERT INTO COMTERMDOMAIN 
(DOMAIN_ID,CREATED_APP_URL,CREATED_USER_ID,CREATED_HOST_IP,CREATED_DT,MODIFIED_APP_URL,MODIFIED_USER_ID,MODIFIED_HOST_IP,MODIFIED_DT,DATA_TYPE,DB,DOMAIN_NAME)
VALUES ('MYSQL_금액','localhost','admin','local','2022-01-01','localhost','admin','local','2022-01-01','BIGINT','MYSQL','금액');
INSERT INTO COMTERMDOMAIN 
(DOMAIN_ID,CREATED_APP_URL,CREATED_USER_ID,CREATED_HOST_IP,CREATED_DT,MODIFIED_APP_URL,MODIFIED_USER_ID,MODIFIED_HOST_IP,MODIFIED_DT,DATA_TYPE,DB,DOMAIN_NAME)
VALUES ('MYSQL_일자','localhost','admin','local','2022-01-01','localhost','admin','local','2022-01-01','DATE','MYSQL','일자');
INSERT INTO COMTERMDOMAIN 
(DOMAIN_ID,CREATED_APP_URL,CREATED_USER_ID,CREATED_HOST_IP,CREATED_DT,MODIFIED_APP_URL,MODIFIED_USER_ID,MODIFIED_HOST_IP,MODIFIED_DT,DATA_TYPE,DB,DOMAIN_NAME)
VALUES ('MYSQL_일시','localhost','admin','local','2022-01-01','localhost','admin','local','2022-01-01','DATETIME','MYSQL','일시');