INSERT INTO HRMCODETYPE
(TYPE_ID,CREATED_APP_URL,CREATED_USER_ID,CREATED_HOST_IP,CREATED_DT,MODIFIED_APP_URL,MODIFIED_USER_ID,MODIFIED_HOST_IP,MODIFIED_DT,CMT,TYPE_NM,PRT_SEQ, FIELD_CONFIG)
VALUES('HR0000','localhost','admin','local','2022-01-01','localhost','admin','local','2022-01-01',null,'발령분류','0','[{"key":"joinDateYn","type":"checkbox","props":{"label":"입사일 적용 여부","description":"입사 발령의 경우 체크해주세요."}},{"key":"retireDateYn","type":"checkbox","props":{"label":"퇴사일 적용 여부","description":"퇴사 발령의 경우 체크해주세요."}},{"key":"th2AddInfo","type":"input","props":{"label":"Input","placeholder":"placeholder","description":"description"}}]');
INSERT INTO HRMCODETYPE
(TYPE_ID,CREATED_APP_URL,CREATED_USER_ID,CREATED_HOST_IP,CREATED_DT,MODIFIED_APP_URL,MODIFIED_USER_ID,MODIFIED_HOST_IP,MODIFIED_DT,CMT,TYPE_NM,PRT_SEQ)
VALUES('HR0001','localhost','admin','local','2022-01-01','localhost','admin','local','2022-01-01',null,'직군','1');
INSERT INTO HRMCODETYPE
(TYPE_ID,CREATED_APP_URL,CREATED_USER_ID,CREATED_HOST_IP,CREATED_DT,MODIFIED_APP_URL,MODIFIED_USER_ID,MODIFIED_HOST_IP,MODIFIED_DT,CMT,TYPE_NM,PRT_SEQ)
VALUES('HR0002','localhost','admin','local','2022-01-01','localhost','admin','local','2022-01-01',null,'직위','2');
INSERT INTO HRMCODETYPE
(TYPE_ID,CREATED_APP_URL,CREATED_USER_ID,CREATED_HOST_IP,CREATED_DT,MODIFIED_APP_URL,MODIFIED_USER_ID,MODIFIED_HOST_IP,MODIFIED_DT,CMT,TYPE_NM,PRT_SEQ)
VALUES('HR0003','localhost','admin','local','2022-01-01','localhost','admin','local','2022-01-01',null,'직종','3');
INSERT INTO HRMCODETYPE
(TYPE_ID,CREATED_APP_URL,CREATED_USER_ID,CREATED_HOST_IP,CREATED_DT,MODIFIED_APP_URL,MODIFIED_USER_ID,MODIFIED_HOST_IP,MODIFIED_DT,CMT,TYPE_NM,PRT_SEQ)
VALUES('HR0004','localhost','admin','local','2022-01-01','localhost','admin','local','2022-01-01',null,'직급','4');
INSERT INTO HRMCODETYPE
(TYPE_ID,CREATED_APP_URL,CREATED_USER_ID,CREATED_HOST_IP,CREATED_DT,MODIFIED_APP_URL,MODIFIED_USER_ID,MODIFIED_HOST_IP,MODIFIED_DT,CMT,TYPE_NM,PRT_SEQ)
VALUES('HR0005','localhost','admin','local','2022-01-01','localhost','admin','local','2022-01-01',null,'호봉','5');
INSERT INTO HRMCODETYPE
(TYPE_ID,CREATED_APP_URL,CREATED_USER_ID,CREATED_HOST_IP,CREATED_DT,MODIFIED_APP_URL,MODIFIED_USER_ID,MODIFIED_HOST_IP,MODIFIED_DT,CMT,TYPE_NM,PRT_SEQ)
VALUES('HR0006','localhost','admin','local','2022-01-01','localhost','admin','local','2022-01-01',null,'직무','6');
INSERT INTO HRMCODETYPE
(TYPE_ID,CREATED_APP_URL,CREATED_USER_ID,CREATED_HOST_IP,CREATED_DT,MODIFIED_APP_URL,MODIFIED_USER_ID,MODIFIED_HOST_IP,MODIFIED_DT,CMT,TYPE_NM,PRT_SEQ)
VALUES('HR0007','localhost','admin','local','2022-01-01','localhost','admin','local','2022-01-01',null,'직책','7');
INSERT INTO HRMCODETYPE
(TYPE_ID,CREATED_APP_URL,CREATED_USER_ID,CREATED_HOST_IP,CREATED_DT,MODIFIED_APP_URL,MODIFIED_USER_ID,MODIFIED_HOST_IP,MODIFIED_DT,CMT,TYPE_NM,PRT_SEQ)
VALUES('HR0008','localhost','admin','local','2022-01-01','localhost','admin','local','2022-01-01','행정표준코드 참조 https://www.code.go.kr/stdcodesrch/codeAllDownloadL.do','가족관계','8');
INSERT INTO HRMCODETYPE
(TYPE_ID,CREATED_APP_URL,CREATED_USER_ID,CREATED_HOST_IP,CREATED_DT,MODIFIED_APP_URL,MODIFIED_USER_ID,MODIFIED_HOST_IP,MODIFIED_DT,CMT,TYPE_NM,PRT_SEQ)
VALUES('HR0009','localhost','admin','local','2022-01-01','localhost','admin','local','2022-01-01','행정표준코드 참조 https://www.code.go.kr/stdcodesrch/codeAllDownloadL.do','학력','9');
INSERT INTO HRMCODETYPE
(TYPE_ID,CREATED_APP_URL,CREATED_USER_ID,CREATED_HOST_IP,CREATED_DT,MODIFIED_APP_URL,MODIFIED_USER_ID,MODIFIED_HOST_IP,MODIFIED_DT,CMT,TYPE_NM,PRT_SEQ)
VALUES('HR0010','localhost','admin','local','2022-01-01','localhost','admin','local','2022-01-01',null,'학교','10');
INSERT INTO HRMCODETYPE
(TYPE_ID,CREATED_APP_URL,CREATED_USER_ID,CREATED_HOST_IP,CREATED_DT,MODIFIED_APP_URL,MODIFIED_USER_ID,MODIFIED_HOST_IP,MODIFIED_DT,CMT,TYPE_NM,PRT_SEQ)
VALUES('HR0011','localhost','admin','local','2022-01-01','localhost','admin','local','2022-01-01',null,'자격면허','11');
INSERT INTO HRMCODETYPE
(TYPE_ID,CREATED_APP_URL,CREATED_USER_ID,CREATED_HOST_IP,CREATED_DT,MODIFIED_APP_URL,MODIFIED_USER_ID,MODIFIED_HOST_IP,MODIFIED_DT,CMT,TYPE_NM,PRT_SEQ)
VALUES('HR1001','localhost','admin','local','2001-01-01','localhost','admin','local','2001-01-01',null,'근태신청분류','8');

INSERT INTO HRMCODE
(CREATED_DT,CREATED_USER_ID,CREATED_HOST_IP,CREATED_APP_URL,MODIFIED_DT,MODIFIED_USER_ID,MODIFIED_HOST_IP,MODIFIED_APP_URL,TYPE_ID,CODE,CODE_NM,USE_YN,PRT_SEQ,CMT,EXTRA_INFO)
VALUES('2022-01-01','admin','local','local','2022-01-01','admin','local','local','HR0000','A01','입사',TRUE,'1',null, '{"joinDateYn":true,"retireDateYn":false}');
INSERT INTO HRMCODE
(CREATED_DT,CREATED_USER_ID,CREATED_HOST_IP,CREATED_APP_URL,MODIFIED_DT,MODIFIED_USER_ID,MODIFIED_HOST_IP,MODIFIED_APP_URL,TYPE_ID,CODE,CODE_NM,USE_YN,PRT_SEQ,CMT,EXTRA_INFO)
VALUES('2022-01-01','admin','local','local','2022-01-01','admin','local','local','HR0000','B01','퇴사',TRUE,'2',null, '{"joinDateYn":false,"retireDateYn":true}');
INSERT INTO HRMCODE
(CREATED_DT,CREATED_USER_ID,CREATED_HOST_IP,CREATED_APP_URL,MODIFIED_DT,MODIFIED_USER_ID,MODIFIED_HOST_IP,MODIFIED_APP_URL,TYPE_ID,CODE,CODE_NM,USE_YN,PRT_SEQ,CMT)
VALUES('2022-01-01','admin','local','local','2022-01-01','admin','local','local','HR0001','A','A직군',TRUE,'1',null);
INSERT INTO HRMCODE
(CREATED_DT,CREATED_USER_ID,CREATED_HOST_IP,CREATED_APP_URL,MODIFIED_DT,MODIFIED_USER_ID,MODIFIED_HOST_IP,MODIFIED_APP_URL,TYPE_ID,CODE,CODE_NM,USE_YN,PRT_SEQ,CMT)
VALUES('2022-01-01','admin','local','local','2022-01-01','admin','local','local','HR0001','B','B직군',TRUE,'2',null);
INSERT INTO HRMCODE
(CREATED_DT,CREATED_USER_ID,CREATED_HOST_IP,CREATED_APP_URL,MODIFIED_DT,MODIFIED_USER_ID,MODIFIED_HOST_IP,MODIFIED_APP_URL,TYPE_ID,CODE,CODE_NM,USE_YN,PRT_SEQ,CMT)
VALUES('2022-01-01','admin','local','local','2022-01-01','admin','local','local','HR0001','C','C직군',TRUE,'3',null);
INSERT INTO HRMCODE
(CREATED_DT,CREATED_USER_ID,CREATED_HOST_IP,CREATED_APP_URL,MODIFIED_DT,MODIFIED_USER_ID,MODIFIED_HOST_IP,MODIFIED_APP_URL,TYPE_ID,CODE,CODE_NM,USE_YN,PRT_SEQ,CMT)
VALUES('2022-01-01','admin','local','local','2022-01-01','admin','local','local','HR0002','101','사원',TRUE,'1',null);
INSERT INTO HRMCODE
(CREATED_DT,CREATED_USER_ID,CREATED_HOST_IP,CREATED_APP_URL,MODIFIED_DT,MODIFIED_USER_ID,MODIFIED_HOST_IP,MODIFIED_APP_URL,TYPE_ID,CODE,CODE_NM,USE_YN,PRT_SEQ,CMT)
VALUES('2022-01-01','admin','local','local','2022-01-01','admin','local','local','HR0002','102','대리',TRUE,'2',null);
INSERT INTO HRMCODE
(CREATED_DT,CREATED_USER_ID,CREATED_HOST_IP,CREATED_APP_URL,MODIFIED_DT,MODIFIED_USER_ID,MODIFIED_HOST_IP,MODIFIED_APP_URL,TYPE_ID,CODE,CODE_NM,USE_YN,PRT_SEQ,CMT)
VALUES('2022-01-01','admin','local','local','2022-01-01','admin','local','local','HR0002','103','과장',TRUE,'3',null);
INSERT INTO HRMCODE
(CREATED_DT,CREATED_USER_ID,CREATED_HOST_IP,CREATED_APP_URL,MODIFIED_DT,MODIFIED_USER_ID,MODIFIED_HOST_IP,MODIFIED_APP_URL,TYPE_ID,CODE,CODE_NM,USE_YN,PRT_SEQ,CMT)
VALUES('2022-01-01','admin','local','local','2022-01-01','admin','local','local','HR0002','104','차장',TRUE,'4',null);
INSERT INTO HRMCODE
(CREATED_DT,CREATED_USER_ID,CREATED_HOST_IP,CREATED_APP_URL,MODIFIED_DT,MODIFIED_USER_ID,MODIFIED_HOST_IP,MODIFIED_APP_URL,TYPE_ID,CODE,CODE_NM,USE_YN,PRT_SEQ,CMT)
VALUES('2022-01-01','admin','local','local','2022-01-01','admin','local','local','HR0002','105','부장',TRUE,'5',null);
INSERT INTO HRMCODE
(CREATED_DT,CREATED_USER_ID,CREATED_HOST_IP,CREATED_APP_URL,MODIFIED_DT,MODIFIED_USER_ID,MODIFIED_HOST_IP,MODIFIED_APP_URL,TYPE_ID,CODE,CODE_NM,USE_YN,PRT_SEQ,CMT)
VALUES('2022-01-01','admin','local','local','2022-01-01','admin','local','local','HR0003','101','생산직','TRUE','1',null);
INSERT INTO HRMCODE
(CREATED_DT,CREATED_USER_ID,CREATED_HOST_IP,CREATED_APP_URL,MODIFIED_DT,MODIFIED_USER_ID,MODIFIED_HOST_IP,MODIFIED_APP_URL,TYPE_ID,CODE,CODE_NM,USE_YN,PRT_SEQ,CMT)
VALUES('2022-01-01','admin','local','local','2022-01-01','admin','local','local','HR0003','102','사무직','TRUE','2',null);
INSERT INTO HRMCODE
(CREATED_DT,CREATED_USER_ID,CREATED_HOST_IP,CREATED_APP_URL,MODIFIED_DT,MODIFIED_USER_ID,MODIFIED_HOST_IP,MODIFIED_APP_URL,TYPE_ID,CODE,CODE_NM,USE_YN,PRT_SEQ,CMT)
VALUES('2022-01-01','admin','local','local','2022-01-01','admin','local','local','HR0004','A1','1급','TRUE','1',null);
INSERT INTO HRMCODE
(CREATED_DT,CREATED_USER_ID,CREATED_HOST_IP,CREATED_APP_URL,MODIFIED_DT,MODIFIED_USER_ID,MODIFIED_HOST_IP,MODIFIED_APP_URL,TYPE_ID,CODE,CODE_NM,USE_YN,PRT_SEQ,CMT)
VALUES('2022-01-01','admin','local','local','2022-01-01','admin','local','local','HR0004','A2','2급','TRUE','2',null);
INSERT INTO HRMCODE
(CREATED_DT,CREATED_USER_ID,CREATED_HOST_IP,CREATED_APP_URL,MODIFIED_DT,MODIFIED_USER_ID,MODIFIED_HOST_IP,MODIFIED_APP_URL,TYPE_ID,CODE,CODE_NM,USE_YN,PRT_SEQ,CMT)
VALUES('2022-01-01','admin','local','local','2022-01-01','admin','local','local','HR0004','A3','3급','TRUE','3',null);
INSERT INTO HRMCODE
(CREATED_DT,CREATED_USER_ID,CREATED_HOST_IP,CREATED_APP_URL,MODIFIED_DT,MODIFIED_USER_ID,MODIFIED_HOST_IP,MODIFIED_APP_URL,TYPE_ID,CODE,CODE_NM,USE_YN,PRT_SEQ,CMT)
VALUES('2022-01-01','admin','local','local','2022-01-01','admin','local','local','HR0005','01','1호봉','TRUE','1',null);
INSERT INTO HRMCODE
(CREATED_DT,CREATED_USER_ID,CREATED_HOST_IP,CREATED_APP_URL,MODIFIED_DT,MODIFIED_USER_ID,MODIFIED_HOST_IP,MODIFIED_APP_URL,TYPE_ID,CODE,CODE_NM,USE_YN,PRT_SEQ,CMT)
VALUES('2022-01-01','admin','local','local','2022-01-01','admin','local','local','HR0005','02','2호봉','TRUE','2',null);
INSERT INTO HRMCODE
(CREATED_DT,CREATED_USER_ID,CREATED_HOST_IP,CREATED_APP_URL,MODIFIED_DT,MODIFIED_USER_ID,MODIFIED_HOST_IP,MODIFIED_APP_URL,TYPE_ID,CODE,CODE_NM,USE_YN,PRT_SEQ,CMT)
VALUES('2022-01-01','admin','local','local','2022-01-01','admin','local','local','HR0006','1001','사무원','TRUE','0',null);
INSERT INTO HRMCODE
(CREATED_DT,CREATED_USER_ID,CREATED_HOST_IP,CREATED_APP_URL,MODIFIED_DT,MODIFIED_USER_ID,MODIFIED_HOST_IP,MODIFIED_APP_URL,TYPE_ID,CODE,CODE_NM,USE_YN,PRT_SEQ,CMT)
VALUES('2022-01-01','admin','local','local','2022-01-01','admin','local','local','HR0007','101','팀장','TRUE','1',null);
INSERT INTO HRMCODE
(CREATED_DT,CREATED_USER_ID,CREATED_HOST_IP,CREATED_APP_URL,MODIFIED_DT,MODIFIED_USER_ID,MODIFIED_HOST_IP,MODIFIED_APP_URL,TYPE_ID,CODE,CODE_NM,USE_YN,PRT_SEQ,CMT)
VALUES('2022-01-01','admin','local','local','2022-01-01','admin','local','local','HR0007','102','본부장','TRUE','2',null);

INSERT INTO HRMCODE
(CREATED_DT,CREATED_USER_ID,CREATED_HOST_IP,CREATED_APP_URL,MODIFIED_DT,MODIFIED_USER_ID,MODIFIED_HOST_IP,MODIFIED_APP_URL,TYPE_ID,CODE,CODE_NM,USE_YN,PRT_SEQ,CMT)
VALUES('2022-01-01','admin','local','local','2022-01-01','admin','local','local','HR0008','002', '처','TRUE','2',null);
INSERT INTO HRMCODE
(CREATED_DT,CREATED_USER_ID,CREATED_HOST_IP,CREATED_APP_URL,MODIFIED_DT,MODIFIED_USER_ID,MODIFIED_HOST_IP,MODIFIED_APP_URL,TYPE_ID,CODE,CODE_NM,USE_YN,PRT_SEQ,CMT)
VALUES('2022-01-01','admin','local','local','2022-01-01','admin','local','local','HR0008','003', '부','TRUE','3',null);
INSERT INTO HRMCODE
(CREATED_DT,CREATED_USER_ID,CREATED_HOST_IP,CREATED_APP_URL,MODIFIED_DT,MODIFIED_USER_ID,MODIFIED_HOST_IP,MODIFIED_APP_URL,TYPE_ID,CODE,CODE_NM,USE_YN,PRT_SEQ,CMT)
VALUES('2022-01-01','admin','local','local','2022-01-01','admin','local','local','HR0008','004', '모','TRUE','4',null);
INSERT INTO HRMCODE
(CREATED_DT,CREATED_USER_ID,CREATED_HOST_IP,CREATED_APP_URL,MODIFIED_DT,MODIFIED_USER_ID,MODIFIED_HOST_IP,MODIFIED_APP_URL,TYPE_ID,CODE,CODE_NM,USE_YN,PRT_SEQ,CMT)
VALUES('2022-01-01','admin','local','local','2022-01-01','admin','local','local','HR0008','005', '자','TRUE','5',null);
INSERT INTO HRMCODE
(CREATED_DT,CREATED_USER_ID,CREATED_HOST_IP,CREATED_APP_URL,MODIFIED_DT,MODIFIED_USER_ID,MODIFIED_HOST_IP,MODIFIED_APP_URL,TYPE_ID,CODE,CODE_NM,USE_YN,PRT_SEQ,CMT)
VALUES('2022-01-01','admin','local','local','2022-01-01','admin','local','local','HR0008','006', '자부','TRUE','6',null);
INSERT INTO HRMCODE
(CREATED_DT,CREATED_USER_ID,CREATED_HOST_IP,CREATED_APP_URL,MODIFIED_DT,MODIFIED_USER_ID,MODIFIED_HOST_IP,MODIFIED_APP_URL,TYPE_ID,CODE,CODE_NM,USE_YN,PRT_SEQ,CMT)
VALUES('2022-01-01','admin','local','local','2022-01-01','admin','local','local','HR0008','007', '남편','TRUE','7',null);
INSERT INTO HRMCODE
(CREATED_DT,CREATED_USER_ID,CREATED_HOST_IP,CREATED_APP_URL,MODIFIED_DT,MODIFIED_USER_ID,MODIFIED_HOST_IP,MODIFIED_APP_URL,TYPE_ID,CODE,CODE_NM,USE_YN,PRT_SEQ,CMT)
VALUES('2022-01-01','admin','local','local','2022-01-01','admin','local','local','HR0008','008', '사위','TRUE','8',null);
INSERT INTO HRMCODE
(CREATED_DT,CREATED_USER_ID,CREATED_HOST_IP,CREATED_APP_URL,MODIFIED_DT,MODIFIED_USER_ID,MODIFIED_HOST_IP,MODIFIED_APP_URL,TYPE_ID,CODE,CODE_NM,USE_YN,PRT_SEQ,CMT)
VALUES('2022-01-01','admin','local','local','2022-01-01','admin','local','local','HR0008','010', '시부','TRUE','10',null);
INSERT INTO HRMCODE
(CREATED_DT,CREATED_USER_ID,CREATED_HOST_IP,CREATED_APP_URL,MODIFIED_DT,MODIFIED_USER_ID,MODIFIED_HOST_IP,MODIFIED_APP_URL,TYPE_ID,CODE,CODE_NM,USE_YN,PRT_SEQ,CMT)
VALUES('2022-01-01','admin','local','local','2022-01-01','admin','local','local','HR0008','011', '시모','TRUE','10',null);
INSERT INTO HRMCODE
(CREATED_DT,CREATED_USER_ID,CREATED_HOST_IP,CREATED_APP_URL,MODIFIED_DT,MODIFIED_USER_ID,MODIFIED_HOST_IP,MODIFIED_APP_URL,TYPE_ID,CODE,CODE_NM,USE_YN,PRT_SEQ,CMT)
VALUES('2022-01-01','admin','local','local','2022-01-01','admin','local','local','HR0008','012', '장인','TRUE','11',null);
INSERT INTO HRMCODE
(CREATED_DT,CREATED_USER_ID,CREATED_HOST_IP,CREATED_APP_URL,MODIFIED_DT,MODIFIED_USER_ID,MODIFIED_HOST_IP,MODIFIED_APP_URL,TYPE_ID,CODE,CODE_NM,USE_YN,PRT_SEQ,CMT)
VALUES('2022-01-01','admin','local','local','2022-01-01','admin','local','local','HR0008','013', '장모','TRUE','12',null);
INSERT INTO HRMCODE
(CREATED_DT,CREATED_USER_ID,CREATED_HOST_IP,CREATED_APP_URL,MODIFIED_DT,MODIFIED_USER_ID,MODIFIED_HOST_IP,MODIFIED_APP_URL,TYPE_ID,CODE,CODE_NM,USE_YN,PRT_SEQ,CMT)
VALUES('2022-01-01','admin','local','local','2022-01-01','admin','local','local','HR0008','014', '백부','TRUE','13',null);
INSERT INTO HRMCODE
(CREATED_DT,CREATED_USER_ID,CREATED_HOST_IP,CREATED_APP_URL,MODIFIED_DT,MODIFIED_USER_ID,MODIFIED_HOST_IP,MODIFIED_APP_URL,TYPE_ID,CODE,CODE_NM,USE_YN,PRT_SEQ,CMT)
VALUES('2022-01-01','admin','local','local','2022-01-01','admin','local','local','HR0008','015', '백모','TRUE','14',null);
INSERT INTO HRMCODE
(CREATED_DT,CREATED_USER_ID,CREATED_HOST_IP,CREATED_APP_URL,MODIFIED_DT,MODIFIED_USER_ID,MODIFIED_HOST_IP,MODIFIED_APP_URL,TYPE_ID,CODE,CODE_NM,USE_YN,PRT_SEQ,CMT)
VALUES('2022-01-01','admin','local','local','2022-01-01','admin','local','local','HR0008','016', '숙부','TRUE','15',null);
INSERT INTO HRMCODE
(CREATED_DT,CREATED_USER_ID,CREATED_HOST_IP,CREATED_APP_URL,MODIFIED_DT,MODIFIED_USER_ID,MODIFIED_HOST_IP,MODIFIED_APP_URL,TYPE_ID,CODE,CODE_NM,USE_YN,PRT_SEQ,CMT)
VALUES('2022-01-01','admin','local','local','2022-01-01','admin','local','local','HR0008','017', '숙모','TRUE','16',null);
INSERT INTO HRMCODE
(CREATED_DT,CREATED_USER_ID,CREATED_HOST_IP,CREATED_APP_URL,MODIFIED_DT,MODIFIED_USER_ID,MODIFIED_HOST_IP,MODIFIED_APP_URL,TYPE_ID,CODE,CODE_NM,USE_YN,PRT_SEQ,CMT)
VALUES('2022-01-01','admin','local','local','2022-01-01','admin','local','local','HR0008','018', '양부','TRUE','17',null);
INSERT INTO HRMCODE
(CREATED_DT,CREATED_USER_ID,CREATED_HOST_IP,CREATED_APP_URL,MODIFIED_DT,MODIFIED_USER_ID,MODIFIED_HOST_IP,MODIFIED_APP_URL,TYPE_ID,CODE,CODE_NM,USE_YN,PRT_SEQ,CMT)
VALUES('2022-01-01','admin','local','local','2022-01-01','admin','local','local','HR0008','019', '양모','TRUE','18',null);
INSERT INTO HRMCODE
(CREATED_DT,CREATED_USER_ID,CREATED_HOST_IP,CREATED_APP_URL,MODIFIED_DT,MODIFIED_USER_ID,MODIFIED_HOST_IP,MODIFIED_APP_URL,TYPE_ID,CODE,CODE_NM,USE_YN,PRT_SEQ,CMT)
VALUES('2022-01-01','admin','local','local','2022-01-01','admin','local','local','HR0008','020', '형','TRUE','20',null);
INSERT INTO HRMCODE
(CREATED_DT,CREATED_USER_ID,CREATED_HOST_IP,CREATED_APP_URL,MODIFIED_DT,MODIFIED_USER_ID,MODIFIED_HOST_IP,MODIFIED_APP_URL,TYPE_ID,CODE,CODE_NM,USE_YN,PRT_SEQ,CMT)
VALUES('2022-01-01','admin','local','local','2022-01-01','admin','local','local','HR0008','021', '형수','TRUE','21',null);
INSERT INTO HRMCODE
(CREATED_DT,CREATED_USER_ID,CREATED_HOST_IP,CREATED_APP_URL,MODIFIED_DT,MODIFIED_USER_ID,MODIFIED_HOST_IP,MODIFIED_APP_URL,TYPE_ID,CODE,CODE_NM,USE_YN,PRT_SEQ,CMT)
VALUES('2022-01-01','admin','local','local','2022-01-01','admin','local','local','HR0008','022', '제','TRUE','22',null);
INSERT INTO HRMCODE
(CREATED_DT,CREATED_USER_ID,CREATED_HOST_IP,CREATED_APP_URL,MODIFIED_DT,MODIFIED_USER_ID,MODIFIED_HOST_IP,MODIFIED_APP_URL,TYPE_ID,CODE,CODE_NM,USE_YN,PRT_SEQ,CMT)
VALUES('2022-01-01','admin','local','local','2022-01-01','admin','local','local','HR0008','023', '제수','TRUE','23',null);
INSERT INTO HRMCODE
(CREATED_DT,CREATED_USER_ID,CREATED_HOST_IP,CREATED_APP_URL,MODIFIED_DT,MODIFIED_USER_ID,MODIFIED_HOST_IP,MODIFIED_APP_URL,TYPE_ID,CODE,CODE_NM,USE_YN,PRT_SEQ,CMT)
VALUES('2022-01-01','admin','local','local','2022-01-01','admin','local','local','HR0008','024', '시숙','TRUE','24',null);
INSERT INTO HRMCODE
(CREATED_DT,CREATED_USER_ID,CREATED_HOST_IP,CREATED_APP_URL,MODIFIED_DT,MODIFIED_USER_ID,MODIFIED_HOST_IP,MODIFIED_APP_URL,TYPE_ID,CODE,CODE_NM,USE_YN,PRT_SEQ,CMT)
VALUES('2022-01-01','admin','local','local','2022-01-01','admin','local','local','HR0008','025', '올케','TRUE','25',null);
INSERT INTO HRMCODE
(CREATED_DT,CREATED_USER_ID,CREATED_HOST_IP,CREATED_APP_URL,MODIFIED_DT,MODIFIED_USER_ID,MODIFIED_HOST_IP,MODIFIED_APP_URL,TYPE_ID,CODE,CODE_NM,USE_YN,PRT_SEQ,CMT)
VALUES('2022-01-01','admin','local','local','2022-01-01','admin','local','local','HR0008','026', '종형','TRUE','26',null);
INSERT INTO HRMCODE
(CREATED_DT,CREATED_USER_ID,CREATED_HOST_IP,CREATED_APP_URL,MODIFIED_DT,MODIFIED_USER_ID,MODIFIED_HOST_IP,MODIFIED_APP_URL,TYPE_ID,CODE,CODE_NM,USE_YN,PRT_SEQ,CMT)
VALUES('2022-01-01','admin','local','local','2022-01-01','admin','local','local','HR0008','027', '종형수','TRUE','27',null);
INSERT INTO HRMCODE
(CREATED_DT,CREATED_USER_ID,CREATED_HOST_IP,CREATED_APP_URL,MODIFIED_DT,MODIFIED_USER_ID,MODIFIED_HOST_IP,MODIFIED_APP_URL,TYPE_ID,CODE,CODE_NM,USE_YN,PRT_SEQ,CMT)
VALUES('2022-01-01','admin','local','local','2022-01-01','admin','local','local','HR0008','028', '종제','TRUE','28',null);
INSERT INTO HRMCODE
(CREATED_DT,CREATED_USER_ID,CREATED_HOST_IP,CREATED_APP_URL,MODIFIED_DT,MODIFIED_USER_ID,MODIFIED_HOST_IP,MODIFIED_APP_URL,TYPE_ID,CODE,CODE_NM,USE_YN,PRT_SEQ,CMT)
VALUES('2022-01-01','admin','local','local','2022-01-01','admin','local','local','HR0008','029', '종제수','TRUE','29',null);
INSERT INTO HRMCODE
(CREATED_DT,CREATED_USER_ID,CREATED_HOST_IP,CREATED_APP_URL,MODIFIED_DT,MODIFIED_USER_ID,MODIFIED_HOST_IP,MODIFIED_APP_URL,TYPE_ID,CODE,CODE_NM,USE_YN,PRT_SEQ,CMT)
VALUES('2022-01-01','admin','local','local','2022-01-01','admin','local','local','HR0008','030', '누이','TRUE','30',null);
INSERT INTO HRMCODE
(CREATED_DT,CREATED_USER_ID,CREATED_HOST_IP,CREATED_APP_URL,MODIFIED_DT,MODIFIED_USER_ID,MODIFIED_HOST_IP,MODIFIED_APP_URL,TYPE_ID,CODE,CODE_NM,USE_YN,PRT_SEQ,CMT)
VALUES('2022-01-01','admin','local','local','2022-01-01','admin','local','local','HR0008','031', '형부','TRUE','31',null);
INSERT INTO HRMCODE
(CREATED_DT,CREATED_USER_ID,CREATED_HOST_IP,CREATED_APP_URL,MODIFIED_DT,MODIFIED_USER_ID,MODIFIED_HOST_IP,MODIFIED_APP_URL,TYPE_ID,CODE,CODE_NM,USE_YN,PRT_SEQ,CMT)
VALUES('2022-01-01','admin','local','local','2022-01-01','admin','local','local','HR0008','032', '매','TRUE','32',null);
INSERT INTO HRMCODE
(CREATED_DT,CREATED_USER_ID,CREATED_HOST_IP,CREATED_APP_URL,MODIFIED_DT,MODIFIED_USER_ID,MODIFIED_HOST_IP,MODIFIED_APP_URL,TYPE_ID,CODE,CODE_NM,USE_YN,PRT_SEQ,CMT)
VALUES('2022-01-01','admin','local','local','2022-01-01','admin','local','local','HR0008','033', '매부','TRUE','33',null);
INSERT INTO HRMCODE
(CREATED_DT,CREATED_USER_ID,CREATED_HOST_IP,CREATED_APP_URL,MODIFIED_DT,MODIFIED_USER_ID,MODIFIED_HOST_IP,MODIFIED_APP_URL,TYPE_ID,CODE,CODE_NM,USE_YN,PRT_SEQ,CMT)
VALUES('2022-01-01','admin','local','local','2022-01-01','admin','local','local','HR0008','034', '시누이','TRUE','34',null);
INSERT INTO HRMCODE
(CREATED_DT,CREATED_USER_ID,CREATED_HOST_IP,CREATED_APP_URL,MODIFIED_DT,MODIFIED_USER_ID,MODIFIED_HOST_IP,MODIFIED_APP_URL,TYPE_ID,CODE,CODE_NM,USE_YN,PRT_SEQ,CMT)
VALUES('2022-01-01','admin','local','local','2022-01-01','admin','local','local','HR0008','035', '종매','TRUE','35',null);
INSERT INTO HRMCODE
(CREATED_DT,CREATED_USER_ID,CREATED_HOST_IP,CREATED_APP_URL,MODIFIED_DT,MODIFIED_USER_ID,MODIFIED_HOST_IP,MODIFIED_APP_URL,TYPE_ID,CODE,CODE_NM,USE_YN,PRT_SEQ,CMT)
VALUES('2022-01-01','admin','local','local','2022-01-01','admin','local','local','HR0008','036', '종매부','TRUE','36',null);
INSERT INTO HRMCODE
(CREATED_DT,CREATED_USER_ID,CREATED_HOST_IP,CREATED_APP_URL,MODIFIED_DT,MODIFIED_USER_ID,MODIFIED_HOST_IP,MODIFIED_APP_URL,TYPE_ID,CODE,CODE_NM,USE_YN,PRT_SEQ,CMT)
VALUES('2022-01-01','admin','local','local','2022-01-01','admin','local','local','HR0008','037', '제부','TRUE','37',null);
INSERT INTO HRMCODE
(CREATED_DT,CREATED_USER_ID,CREATED_HOST_IP,CREATED_APP_URL,MODIFIED_DT,MODIFIED_USER_ID,MODIFIED_HOST_IP,MODIFIED_APP_URL,TYPE_ID,CODE,CODE_NM,USE_YN,PRT_SEQ,CMT)
VALUES('2022-01-01','admin','local','local','2022-01-01','admin','local','local','HR0008','038', '조카','TRUE','38',null);
INSERT INTO HRMCODE
(CREATED_DT,CREATED_USER_ID,CREATED_HOST_IP,CREATED_APP_URL,MODIFIED_DT,MODIFIED_USER_ID,MODIFIED_HOST_IP,MODIFIED_APP_URL,TYPE_ID,CODE,CODE_NM,USE_YN,PRT_SEQ,CMT)
VALUES('2022-01-01','admin','local','local','2022-01-01','admin','local','local','HR0008','039', '동서','TRUE','39',null);
INSERT INTO HRMCODE
(CREATED_DT,CREATED_USER_ID,CREATED_HOST_IP,CREATED_APP_URL,MODIFIED_DT,MODIFIED_USER_ID,MODIFIED_HOST_IP,MODIFIED_APP_URL,TYPE_ID,CODE,CODE_NM,USE_YN,PRT_SEQ,CMT)
VALUES('2022-01-01','admin','local','local','2022-01-01','admin','local','local','HR0008','040', '손','TRUE','40',null);
INSERT INTO HRMCODE
(CREATED_DT,CREATED_USER_ID,CREATED_HOST_IP,CREATED_APP_URL,MODIFIED_DT,MODIFIED_USER_ID,MODIFIED_HOST_IP,MODIFIED_APP_URL,TYPE_ID,CODE,CODE_NM,USE_YN,PRT_SEQ,CMT)
VALUES('2022-01-01','admin','local','local','2022-01-01','admin','local','local','HR0008','041', '손부','TRUE','41',null);
INSERT INTO HRMCODE
(CREATED_DT,CREATED_USER_ID,CREATED_HOST_IP,CREATED_APP_URL,MODIFIED_DT,MODIFIED_USER_ID,MODIFIED_HOST_IP,MODIFIED_APP_URL,TYPE_ID,CODE,CODE_NM,USE_YN,PRT_SEQ,CMT)
VALUES('2022-01-01','admin','local','local','2022-01-01','admin','local','local','HR0008','042', '손서','TRUE','42',null);
INSERT INTO HRMCODE
(CREATED_DT,CREATED_USER_ID,CREATED_HOST_IP,CREATED_APP_URL,MODIFIED_DT,MODIFIED_USER_ID,MODIFIED_HOST_IP,MODIFIED_APP_URL,TYPE_ID,CODE,CODE_NM,USE_YN,PRT_SEQ,CMT)
VALUES('2022-01-01','admin','local','local','2022-01-01','admin','local','local','HR0008','043', '증손','TRUE','43',null);
INSERT INTO HRMCODE
(CREATED_DT,CREATED_USER_ID,CREATED_HOST_IP,CREATED_APP_URL,MODIFIED_DT,MODIFIED_USER_ID,MODIFIED_HOST_IP,MODIFIED_APP_URL,TYPE_ID,CODE,CODE_NM,USE_YN,PRT_SEQ,CMT)
VALUES('2022-01-01','admin','local','local','2022-01-01','admin','local','local','HR0008','044', '증손부','TRUE','44',null);
INSERT INTO HRMCODE
(CREATED_DT,CREATED_USER_ID,CREATED_HOST_IP,CREATED_APP_URL,MODIFIED_DT,MODIFIED_USER_ID,MODIFIED_HOST_IP,MODIFIED_APP_URL,TYPE_ID,CODE,CODE_NM,USE_YN,PRT_SEQ,CMT)
VALUES('2022-01-01','admin','local','local','2022-01-01','admin','local','local','HR0008','045', '고손','TRUE','45',null);
INSERT INTO HRMCODE
(CREATED_DT,CREATED_USER_ID,CREATED_HOST_IP,CREATED_APP_URL,MODIFIED_DT,MODIFIED_USER_ID,MODIFIED_HOST_IP,MODIFIED_APP_URL,TYPE_ID,CODE,CODE_NM,USE_YN,PRT_SEQ,CMT)
VALUES('2022-01-01','admin','local','local','2022-01-01','admin','local','local','HR0008','046', '고손부','TRUE','46',null);
INSERT INTO HRMCODE
(CREATED_DT,CREATED_USER_ID,CREATED_HOST_IP,CREATED_APP_URL,MODIFIED_DT,MODIFIED_USER_ID,MODIFIED_HOST_IP,MODIFIED_APP_URL,TYPE_ID,CODE,CODE_NM,USE_YN,PRT_SEQ,CMT)
VALUES('2022-01-01','admin','local','local','2022-01-01','admin','local','local','HR0008','047', '고종','TRUE','47',null);
INSERT INTO HRMCODE
(CREATED_DT,CREATED_USER_ID,CREATED_HOST_IP,CREATED_APP_URL,MODIFIED_DT,MODIFIED_USER_ID,MODIFIED_HOST_IP,MODIFIED_APP_URL,TYPE_ID,CODE,CODE_NM,USE_YN,PRT_SEQ,CMT)
VALUES('2022-01-01','admin','local','local','2022-01-01','admin','local','local','HR0008','048', '오빠','TRUE','48',null);
INSERT INTO HRMCODE
(CREATED_DT,CREATED_USER_ID,CREATED_HOST_IP,CREATED_APP_URL,MODIFIED_DT,MODIFIED_USER_ID,MODIFIED_HOST_IP,MODIFIED_APP_URL,TYPE_ID,CODE,CODE_NM,USE_YN,PRT_SEQ,CMT)
VALUES('2022-01-01','admin','local','local','2022-01-01','admin','local','local','HR0008','049', '언니','TRUE','49',null);
INSERT INTO HRMCODE
(CREATED_DT,CREATED_USER_ID,CREATED_HOST_IP,CREATED_APP_URL,MODIFIED_DT,MODIFIED_USER_ID,MODIFIED_HOST_IP,MODIFIED_APP_URL,TYPE_ID,CODE,CODE_NM,USE_YN,PRT_SEQ,CMT)
VALUES('2022-01-01','admin','local','local','2022-01-01','admin','local','local','HR0008','050', '조부','TRUE','50',null);
INSERT INTO HRMCODE
(CREATED_DT,CREATED_USER_ID,CREATED_HOST_IP,CREATED_APP_URL,MODIFIED_DT,MODIFIED_USER_ID,MODIFIED_HOST_IP,MODIFIED_APP_URL,TYPE_ID,CODE,CODE_NM,USE_YN,PRT_SEQ,CMT)
VALUES('2022-01-01','admin','local','local','2022-01-01','admin','local','local','HR0008','051', '조모','TRUE','51',null);
INSERT INTO HRMCODE
(CREATED_DT,CREATED_USER_ID,CREATED_HOST_IP,CREATED_APP_URL,MODIFIED_DT,MODIFIED_USER_ID,MODIFIED_HOST_IP,MODIFIED_APP_URL,TYPE_ID,CODE,CODE_NM,USE_YN,PRT_SEQ,CMT)
VALUES('2022-01-01','admin','local','local','2022-01-01','admin','local','local','HR0008','052', '시조부','TRUE','52',null);
INSERT INTO HRMCODE
(CREATED_DT,CREATED_USER_ID,CREATED_HOST_IP,CREATED_APP_URL,MODIFIED_DT,MODIFIED_USER_ID,MODIFIED_HOST_IP,MODIFIED_APP_URL,TYPE_ID,CODE,CODE_NM,USE_YN,PRT_SEQ,CMT)
VALUES('2022-01-01','admin','local','local','2022-01-01','admin','local','local','HR0008','053', '시조모','TRUE','53',null);
INSERT INTO HRMCODE
(CREATED_DT,CREATED_USER_ID,CREATED_HOST_IP,CREATED_APP_URL,MODIFIED_DT,MODIFIED_USER_ID,MODIFIED_HOST_IP,MODIFIED_APP_URL,TYPE_ID,CODE,CODE_NM,USE_YN,PRT_SEQ,CMT)
VALUES('2022-01-01','admin','local','local','2022-01-01','admin','local','local','HR0008','054', '증조부','TRUE','54',null);
INSERT INTO HRMCODE
(CREATED_DT,CREATED_USER_ID,CREATED_HOST_IP,CREATED_APP_URL,MODIFIED_DT,MODIFIED_USER_ID,MODIFIED_HOST_IP,MODIFIED_APP_URL,TYPE_ID,CODE,CODE_NM,USE_YN,PRT_SEQ,CMT)
VALUES('2022-01-01','admin','local','local','2022-01-01','admin','local','local','HR0008','055', '증조모','TRUE','55',null);
INSERT INTO HRMCODE
(CREATED_DT,CREATED_USER_ID,CREATED_HOST_IP,CREATED_APP_URL,MODIFIED_DT,MODIFIED_USER_ID,MODIFIED_HOST_IP,MODIFIED_APP_URL,TYPE_ID,CODE,CODE_NM,USE_YN,PRT_SEQ,CMT)
VALUES('2022-01-01','admin','local','local','2022-01-01','admin','local','local','HR0008','056', '고조부','TRUE','56',null);
INSERT INTO HRMCODE
(CREATED_DT,CREATED_USER_ID,CREATED_HOST_IP,CREATED_APP_URL,MODIFIED_DT,MODIFIED_USER_ID,MODIFIED_HOST_IP,MODIFIED_APP_URL,TYPE_ID,CODE,CODE_NM,USE_YN,PRT_SEQ,CMT)
VALUES('2022-01-01','admin','local','local','2022-01-01','admin','local','local','HR0008','057', '고조모','TRUE','57',null);
INSERT INTO HRMCODE
(CREATED_DT,CREATED_USER_ID,CREATED_HOST_IP,CREATED_APP_URL,MODIFIED_DT,MODIFIED_USER_ID,MODIFIED_HOST_IP,MODIFIED_APP_URL,TYPE_ID,CODE,CODE_NM,USE_YN,PRT_SEQ,CMT)
VALUES('2022-01-01','admin','local','local','2022-01-01','admin','local','local','HR0008','058', '장조부','TRUE','58',null);
INSERT INTO HRMCODE
(CREATED_DT,CREATED_USER_ID,CREATED_HOST_IP,CREATED_APP_URL,MODIFIED_DT,MODIFIED_USER_ID,MODIFIED_HOST_IP,MODIFIED_APP_URL,TYPE_ID,CODE,CODE_NM,USE_YN,PRT_SEQ,CMT)
VALUES('2022-01-01','admin','local','local','2022-01-01','admin','local','local','HR0008','059', '장조모','TRUE','59',null);
INSERT INTO HRMCODE
(CREATED_DT,CREATED_USER_ID,CREATED_HOST_IP,CREATED_APP_URL,MODIFIED_DT,MODIFIED_USER_ID,MODIFIED_HOST_IP,MODIFIED_APP_URL,TYPE_ID,CODE,CODE_NM,USE_YN,PRT_SEQ,CMT)
VALUES('2022-01-01','admin','local','local','2022-01-01','admin','local','local','HR0008','060', '고모','TRUE','60',null);
INSERT INTO HRMCODE
(CREATED_DT,CREATED_USER_ID,CREATED_HOST_IP,CREATED_APP_URL,MODIFIED_DT,MODIFIED_USER_ID,MODIFIED_HOST_IP,MODIFIED_APP_URL,TYPE_ID,CODE,CODE_NM,USE_YN,PRT_SEQ,CMT)
VALUES('2022-01-01','admin','local','local','2022-01-01','admin','local','local','HR0008','061', '고모부','TRUE','61',null);
INSERT INTO HRMCODE
(CREATED_DT,CREATED_USER_ID,CREATED_HOST_IP,CREATED_APP_URL,MODIFIED_DT,MODIFIED_USER_ID,MODIFIED_HOST_IP,MODIFIED_APP_URL,TYPE_ID,CODE,CODE_NM,USE_YN,PRT_SEQ,CMT)
VALUES('2022-01-01','admin','local','local','2022-01-01','admin','local','local','HR0008','062', '대고모','TRUE','62',null);
INSERT INTO HRMCODE
(CREATED_DT,CREATED_USER_ID,CREATED_HOST_IP,CREATED_APP_URL,MODIFIED_DT,MODIFIED_USER_ID,MODIFIED_HOST_IP,MODIFIED_APP_URL,TYPE_ID,CODE,CODE_NM,USE_YN,PRT_SEQ,CMT)
VALUES('2022-01-01','admin','local','local','2022-01-01','admin','local','local','HR0008','063', '당숙','TRUE','63',null);
INSERT INTO HRMCODE
(CREATED_DT,CREATED_USER_ID,CREATED_HOST_IP,CREATED_APP_URL,MODIFIED_DT,MODIFIED_USER_ID,MODIFIED_HOST_IP,MODIFIED_APP_URL,TYPE_ID,CODE,CODE_NM,USE_YN,PRT_SEQ,CMT)
VALUES('2022-01-01','admin','local','local','2022-01-01','admin','local','local','HR0008','064', '당숙모','TRUE','64',null);
INSERT INTO HRMCODE
(CREATED_DT,CREATED_USER_ID,CREATED_HOST_IP,CREATED_APP_URL,MODIFIED_DT,MODIFIED_USER_ID,MODIFIED_HOST_IP,MODIFIED_APP_URL,TYPE_ID,CODE,CODE_NM,USE_YN,PRT_SEQ,CMT)
VALUES('2022-01-01','admin','local','local','2022-01-01','admin','local','local','HR0008','065', '서모','TRUE','65',null);
INSERT INTO HRMCODE
(CREATED_DT,CREATED_USER_ID,CREATED_HOST_IP,CREATED_APP_URL,MODIFIED_DT,MODIFIED_USER_ID,MODIFIED_HOST_IP,MODIFIED_APP_URL,TYPE_ID,CODE,CODE_NM,USE_YN,PRT_SEQ,CMT)
VALUES('2022-01-01','admin','local','local','2022-01-01','admin','local','local','HR0008','066', '서조모','TRUE','66',null);
INSERT INTO HRMCODE
(CREATED_DT,CREATED_USER_ID,CREATED_HOST_IP,CREATED_APP_URL,MODIFIED_DT,MODIFIED_USER_ID,MODIFIED_HOST_IP,MODIFIED_APP_URL,TYPE_ID,CODE,CODE_NM,USE_YN,PRT_SEQ,CMT)
VALUES('2022-01-01','admin','local','local','2022-01-01','admin','local','local','HR0008','067', '이질','TRUE','67',null);
INSERT INTO HRMCODE
(CREATED_DT,CREATED_USER_ID,CREATED_HOST_IP,CREATED_APP_URL,MODIFIED_DT,MODIFIED_USER_ID,MODIFIED_HOST_IP,MODIFIED_APP_URL,TYPE_ID,CODE,CODE_NM,USE_YN,PRT_SEQ,CMT)
VALUES('2022-01-01','admin','local','local','2022-01-01','admin','local','local','HR0008','068', '당질','TRUE','68',null);
INSERT INTO HRMCODE
(CREATED_DT,CREATED_USER_ID,CREATED_HOST_IP,CREATED_APP_URL,MODIFIED_DT,MODIFIED_USER_ID,MODIFIED_HOST_IP,MODIFIED_APP_URL,TYPE_ID,CODE,CODE_NM,USE_YN,PRT_SEQ,CMT)
VALUES('2022-01-01','admin','local','local','2022-01-01','admin','local','local','HR0008','069', '질부','TRUE','69',null);
INSERT INTO HRMCODE
(CREATED_DT,CREATED_USER_ID,CREATED_HOST_IP,CREATED_APP_URL,MODIFIED_DT,MODIFIED_USER_ID,MODIFIED_HOST_IP,MODIFIED_APP_URL,TYPE_ID,CODE,CODE_NM,USE_YN,PRT_SEQ,CMT)
VALUES('2022-01-01','admin','local','local','2022-01-01','admin','local','local','HR0008','070', '외숙','TRUE','70',null);
INSERT INTO HRMCODE
(CREATED_DT,CREATED_USER_ID,CREATED_HOST_IP,CREATED_APP_URL,MODIFIED_DT,MODIFIED_USER_ID,MODIFIED_HOST_IP,MODIFIED_APP_URL,TYPE_ID,CODE,CODE_NM,USE_YN,PRT_SEQ,CMT)
VALUES('2022-01-01','admin','local','local','2022-01-01','admin','local','local','HR0008','071', '외숙모','TRUE','71',null);
INSERT INTO HRMCODE
(CREATED_DT,CREATED_USER_ID,CREATED_HOST_IP,CREATED_APP_URL,MODIFIED_DT,MODIFIED_USER_ID,MODIFIED_HOST_IP,MODIFIED_APP_URL,TYPE_ID,CODE,CODE_NM,USE_YN,PRT_SEQ,CMT)
VALUES('2022-01-01','admin','local','local','2022-01-01','admin','local','local','HR0008','072', '외종','TRUE','72',null);
INSERT INTO HRMCODE
(CREATED_DT,CREATED_USER_ID,CREATED_HOST_IP,CREATED_APP_URL,MODIFIED_DT,MODIFIED_USER_ID,MODIFIED_HOST_IP,MODIFIED_APP_URL,TYPE_ID,CODE,CODE_NM,USE_YN,PRT_SEQ,CMT)
VALUES('2022-01-01','admin','local','local','2022-01-01','admin','local','local','HR0008','073', '이모','TRUE','73',null);
INSERT INTO HRMCODE
(CREATED_DT,CREATED_USER_ID,CREATED_HOST_IP,CREATED_APP_URL,MODIFIED_DT,MODIFIED_USER_ID,MODIFIED_HOST_IP,MODIFIED_APP_URL,TYPE_ID,CODE,CODE_NM,USE_YN,PRT_SEQ,CMT)
VALUES('2022-01-01','admin','local','local','2022-01-01','admin','local','local','HR0008','074', '이모부','TRUE','74',null);
INSERT INTO HRMCODE
(CREATED_DT,CREATED_USER_ID,CREATED_HOST_IP,CREATED_APP_URL,MODIFIED_DT,MODIFIED_USER_ID,MODIFIED_HOST_IP,MODIFIED_APP_URL,TYPE_ID,CODE,CODE_NM,USE_YN,PRT_SEQ,CMT)
VALUES('2022-01-01','admin','local','local','2022-01-01','admin','local','local','HR0008','075', '이종','TRUE','75',null);
INSERT INTO HRMCODE
(CREATED_DT,CREATED_USER_ID,CREATED_HOST_IP,CREATED_APP_URL,MODIFIED_DT,MODIFIED_USER_ID,MODIFIED_HOST_IP,MODIFIED_APP_URL,TYPE_ID,CODE,CODE_NM,USE_YN,PRT_SEQ,CMT)
VALUES('2022-01-01','admin','local','local','2022-01-01','admin','local','local','HR0008','076', '외손','TRUE','76',null);
INSERT INTO HRMCODE
(CREATED_DT,CREATED_USER_ID,CREATED_HOST_IP,CREATED_APP_URL,MODIFIED_DT,MODIFIED_USER_ID,MODIFIED_HOST_IP,MODIFIED_APP_URL,TYPE_ID,CODE,CODE_NM,USE_YN,PRT_SEQ,CMT)
VALUES('2022-01-01','admin','local','local','2022-01-01','admin','local','local','HR0008','077', '외손부','TRUE','77',null);
INSERT INTO HRMCODE
(CREATED_DT,CREATED_USER_ID,CREATED_HOST_IP,CREATED_APP_URL,MODIFIED_DT,MODIFIED_USER_ID,MODIFIED_HOST_IP,MODIFIED_APP_URL,TYPE_ID,CODE,CODE_NM,USE_YN,PRT_SEQ,CMT)
VALUES('2022-01-01','admin','local','local','2022-01-01','admin','local','local','HR0008','078', '외조부','TRUE','78',null);
INSERT INTO HRMCODE
(CREATED_DT,CREATED_USER_ID,CREATED_HOST_IP,CREATED_APP_URL,MODIFIED_DT,MODIFIED_USER_ID,MODIFIED_HOST_IP,MODIFIED_APP_URL,TYPE_ID,CODE,CODE_NM,USE_YN,PRT_SEQ,CMT)
VALUES('2022-01-01','admin','local','local','2022-01-01','admin','local','local','HR0008','079', '외조모','TRUE','79',null);
INSERT INTO HRMCODE
(CREATED_DT,CREATED_USER_ID,CREATED_HOST_IP,CREATED_APP_URL,MODIFIED_DT,MODIFIED_USER_ID,MODIFIED_HOST_IP,MODIFIED_APP_URL,TYPE_ID,CODE,CODE_NM,USE_YN,PRT_SEQ,CMT)
VALUES('2022-01-01','admin','local','local','2022-01-01','admin','local','local','HR0008','080', '처형','TRUE','80',null);
INSERT INTO HRMCODE
(CREATED_DT,CREATED_USER_ID,CREATED_HOST_IP,CREATED_APP_URL,MODIFIED_DT,MODIFIED_USER_ID,MODIFIED_HOST_IP,MODIFIED_APP_URL,TYPE_ID,CODE,CODE_NM,USE_YN,PRT_SEQ,CMT)
VALUES('2022-01-01','admin','local','local','2022-01-01','admin','local','local','HR0008','081', '처제','TRUE','81',null);
INSERT INTO HRMCODE
(CREATED_DT,CREATED_USER_ID,CREATED_HOST_IP,CREATED_APP_URL,MODIFIED_DT,MODIFIED_USER_ID,MODIFIED_HOST_IP,MODIFIED_APP_URL,TYPE_ID,CODE,CODE_NM,USE_YN,PRT_SEQ,CMT)
VALUES('2022-01-01','admin','local','local','2022-01-01','admin','local','local','HR0008','082', '처남','TRUE','82',null);
INSERT INTO HRMCODE
(CREATED_DT,CREATED_USER_ID,CREATED_HOST_IP,CREATED_APP_URL,MODIFIED_DT,MODIFIED_USER_ID,MODIFIED_HOST_IP,MODIFIED_APP_URL,TYPE_ID,CODE,CODE_NM,USE_YN,PRT_SEQ,CMT)
VALUES('2022-01-01','admin','local','local','2022-01-01','admin','local','local','HR0008','083', '처남댁','TRUE','83',null);
INSERT INTO HRMCODE
(CREATED_DT,CREATED_USER_ID,CREATED_HOST_IP,CREATED_APP_URL,MODIFIED_DT,MODIFIED_USER_ID,MODIFIED_HOST_IP,MODIFIED_APP_URL,TYPE_ID,CODE,CODE_NM,USE_YN,PRT_SEQ,CMT)
VALUES('2022-01-01','admin','local','local','2022-01-01','admin','local','local','HR0008','084', '처조카','TRUE','84',null);
INSERT INTO HRMCODE
(CREATED_DT,CREATED_USER_ID,CREATED_HOST_IP,CREATED_APP_URL,MODIFIED_DT,MODIFIED_USER_ID,MODIFIED_HOST_IP,MODIFIED_APP_URL,TYPE_ID,CODE,CODE_NM,USE_YN,PRT_SEQ,CMT)
VALUES('2022-01-01','admin','local','local','2022-01-01','admin','local','local','HR0008','085', '처질부','TRUE','85',null);
INSERT INTO HRMCODE
(CREATED_DT,CREATED_USER_ID,CREATED_HOST_IP,CREATED_APP_URL,MODIFIED_DT,MODIFIED_USER_ID,MODIFIED_HOST_IP,MODIFIED_APP_URL,TYPE_ID,CODE,CODE_NM,USE_YN,PRT_SEQ,CMT)
VALUES('2022-01-01','admin','local','local','2022-01-01','admin','local','local','HR0008','086', '처숙부','TRUE','86',null);
INSERT INTO HRMCODE
(CREATED_DT,CREATED_USER_ID,CREATED_HOST_IP,CREATED_APP_URL,MODIFIED_DT,MODIFIED_USER_ID,MODIFIED_HOST_IP,MODIFIED_APP_URL,TYPE_ID,CODE,CODE_NM,USE_YN,PRT_SEQ,CMT)
VALUES('2022-01-01','admin','local','local','2022-01-01','admin','local','local','HR0008','087', '처숙모','TRUE','87',null);
INSERT INTO HRMCODE
(CREATED_DT,CREATED_USER_ID,CREATED_HOST_IP,CREATED_APP_URL,MODIFIED_DT,MODIFIED_USER_ID,MODIFIED_HOST_IP,MODIFIED_APP_URL,TYPE_ID,CODE,CODE_NM,USE_YN,PRT_SEQ,CMT)
VALUES('2022-01-01','admin','local','local','2022-01-01','admin','local','local','HR0008','088', '처사촌','TRUE','88',null);
INSERT INTO HRMCODE
(CREATED_DT,CREATED_USER_ID,CREATED_HOST_IP,CREATED_APP_URL,MODIFIED_DT,MODIFIED_USER_ID,MODIFIED_HOST_IP,MODIFIED_APP_URL,TYPE_ID,CODE,CODE_NM,USE_YN,PRT_SEQ,CMT)
VALUES('2022-01-01','admin','local','local','2022-01-01','admin','local','local','HR0008','089', '처고모','TRUE','89',null);
INSERT INTO HRMCODE
(CREATED_DT,CREATED_USER_ID,CREATED_HOST_IP,CREATED_APP_URL,MODIFIED_DT,MODIFIED_USER_ID,MODIFIED_HOST_IP,MODIFIED_APP_URL,TYPE_ID,CODE,CODE_NM,USE_YN,PRT_SEQ,CMT)
VALUES('2022-01-01','admin','local','local','2022-01-01','admin','local','local','HR0008','090', '처고모부','TRUE','90',null);
INSERT INTO HRMCODE
(CREATED_DT,CREATED_USER_ID,CREATED_HOST_IP,CREATED_APP_URL,MODIFIED_DT,MODIFIED_USER_ID,MODIFIED_HOST_IP,MODIFIED_APP_URL,TYPE_ID,CODE,CODE_NM,USE_YN,PRT_SEQ,CMT)
VALUES('2022-01-01','admin','local','local','2022-01-01','admin','local','local','HR0008','091', '처고종','TRUE','91',null);
INSERT INTO HRMCODE
(CREATED_DT,CREATED_USER_ID,CREATED_HOST_IP,CREATED_APP_URL,MODIFIED_DT,MODIFIED_USER_ID,MODIFIED_HOST_IP,MODIFIED_APP_URL,TYPE_ID,CODE,CODE_NM,USE_YN,PRT_SEQ,CMT)
VALUES('2022-01-01','admin','local','local','2022-01-01','admin','local','local','HR0008','092', '처이모','TRUE','92',null);
INSERT INTO HRMCODE
(CREATED_DT,CREATED_USER_ID,CREATED_HOST_IP,CREATED_APP_URL,MODIFIED_DT,MODIFIED_USER_ID,MODIFIED_HOST_IP,MODIFIED_APP_URL,TYPE_ID,CODE,CODE_NM,USE_YN,PRT_SEQ,CMT)
VALUES('2022-01-01','admin','local','local','2022-01-01','admin','local','local','HR0008','093', '처이모부','TRUE','93',null);
INSERT INTO HRMCODE
(CREATED_DT,CREATED_USER_ID,CREATED_HOST_IP,CREATED_APP_URL,MODIFIED_DT,MODIFIED_USER_ID,MODIFIED_HOST_IP,MODIFIED_APP_URL,TYPE_ID,CODE,CODE_NM,USE_YN,PRT_SEQ,CMT)
VALUES('2022-01-01','admin','local','local','2022-01-01','admin','local','local','HR0008','094', '처이종','TRUE','94',null);
INSERT INTO HRMCODE
(CREATED_DT,CREATED_USER_ID,CREATED_HOST_IP,CREATED_APP_URL,MODIFIED_DT,MODIFIED_USER_ID,MODIFIED_HOST_IP,MODIFIED_APP_URL,TYPE_ID,CODE,CODE_NM,USE_YN,PRT_SEQ,CMT)
VALUES('2022-01-01','admin','local','local','2022-01-01','admin','local','local','HR0008','095', '처가친척','TRUE','95',null);
INSERT INTO HRMCODE
(CREATED_DT,CREATED_USER_ID,CREATED_HOST_IP,CREATED_APP_URL,MODIFIED_DT,MODIFIED_USER_ID,MODIFIED_HOST_IP,MODIFIED_APP_URL,TYPE_ID,CODE,CODE_NM,USE_YN,PRT_SEQ,CMT)
VALUES('2022-01-01','admin','local','local','2022-01-01','admin','local','local','HR0008','096', '시가친척','TRUE','96',null);
INSERT INTO HRMCODE
(CREATED_DT,CREATED_USER_ID,CREATED_HOST_IP,CREATED_APP_URL,MODIFIED_DT,MODIFIED_USER_ID,MODIFIED_HOST_IP,MODIFIED_APP_URL,TYPE_ID,CODE,CODE_NM,USE_YN,PRT_SEQ,CMT)
VALUES('2022-01-01','admin','local','local','2022-01-01','admin','local','local','HR0008','097', '외가친척','TRUE','97',null);
INSERT INTO HRMCODE
(CREATED_DT,CREATED_USER_ID,CREATED_HOST_IP,CREATED_APP_URL,MODIFIED_DT,MODIFIED_USER_ID,MODIFIED_HOST_IP,MODIFIED_APP_URL,TYPE_ID,CODE,CODE_NM,USE_YN,PRT_SEQ,CMT)
VALUES('2022-01-01','admin','local','local','2022-01-01','admin','local','local','HR0008','098', '친척','TRUE','98',null);
INSERT INTO HRMCODE
(CREATED_DT,CREATED_USER_ID,CREATED_HOST_IP,CREATED_APP_URL,MODIFIED_DT,MODIFIED_USER_ID,MODIFIED_HOST_IP,MODIFIED_APP_URL,TYPE_ID,CODE,CODE_NM,USE_YN,PRT_SEQ,CMT)
VALUES('2022-01-01','admin','local','local','2022-01-01','admin','local','local','HR0008','099', '동거인','TRUE','99',null);
INSERT INTO HRMCODE
(CREATED_DT,CREATED_USER_ID,CREATED_HOST_IP,CREATED_APP_URL,MODIFIED_DT,MODIFIED_USER_ID,MODIFIED_HOST_IP,MODIFIED_APP_URL,TYPE_ID,CODE,CODE_NM,USE_YN,PRT_SEQ,CMT)
VALUES('2022-01-01','admin','local','local','2022-01-01','admin','local','local','HR0008','100', '시양부','TRUE','100',null);
INSERT INTO HRMCODE
(CREATED_DT,CREATED_USER_ID,CREATED_HOST_IP,CREATED_APP_URL,MODIFIED_DT,MODIFIED_USER_ID,MODIFIED_HOST_IP,MODIFIED_APP_URL,TYPE_ID,CODE,CODE_NM,USE_YN,PRT_SEQ,CMT)
VALUES('2022-01-01','admin','local','local','2022-01-01','admin','local','local','HR0008','101', '시양모','TRUE','101',null);
INSERT INTO HRMCODE
(CREATED_DT,CREATED_USER_ID,CREATED_HOST_IP,CREATED_APP_URL,MODIFIED_DT,MODIFIED_USER_ID,MODIFIED_HOST_IP,MODIFIED_APP_URL,TYPE_ID,CODE,CODE_NM,USE_YN,PRT_SEQ,CMT)
VALUES('2022-01-01','admin','local','local','2022-01-01','admin','local','local','HR0008','102', '처양부','TRUE','102',null);
INSERT INTO HRMCODE
(CREATED_DT,CREATED_USER_ID,CREATED_HOST_IP,CREATED_APP_URL,MODIFIED_DT,MODIFIED_USER_ID,MODIFIED_HOST_IP,MODIFIED_APP_URL,TYPE_ID,CODE,CODE_NM,USE_YN,PRT_SEQ,CMT)
VALUES('2022-01-01','admin','local','local','2022-01-01','admin','local','local','HR0008','103', '처양모','TRUE','103',null);
INSERT INTO HRMCODE
(CREATED_DT,CREATED_USER_ID,CREATED_HOST_IP,CREATED_APP_URL,MODIFIED_DT,MODIFIED_USER_ID,MODIFIED_HOST_IP,MODIFIED_APP_URL,TYPE_ID,CODE,CODE_NM,USE_YN,PRT_SEQ,CMT)
VALUES('2022-01-01','admin','local','local','2022-01-01','admin','local','local','HR0008','104', '처조부','TRUE','104',null);
INSERT INTO HRMCODE
(CREATED_DT,CREATED_USER_ID,CREATED_HOST_IP,CREATED_APP_URL,MODIFIED_DT,MODIFIED_USER_ID,MODIFIED_HOST_IP,MODIFIED_APP_URL,TYPE_ID,CODE,CODE_NM,USE_YN,PRT_SEQ,CMT)
VALUES('2022-01-01','admin','local','local','2022-01-01','admin','local','local','HR0008','105', '처조모','TRUE','105',null);
INSERT INTO HRMCODE
(CREATED_DT,CREATED_USER_ID,CREATED_HOST_IP,CREATED_APP_URL,MODIFIED_DT,MODIFIED_USER_ID,MODIFIED_HOST_IP,MODIFIED_APP_URL,TYPE_ID,CODE,CODE_NM,USE_YN,PRT_SEQ,CMT)
VALUES('2022-01-01','admin','local','local','2022-01-01','admin','local','local','HR0008','106', '시외조부','TRUE','106',null);
INSERT INTO HRMCODE
(CREATED_DT,CREATED_USER_ID,CREATED_HOST_IP,CREATED_APP_URL,MODIFIED_DT,MODIFIED_USER_ID,MODIFIED_HOST_IP,MODIFIED_APP_URL,TYPE_ID,CODE,CODE_NM,USE_YN,PRT_SEQ,CMT)
VALUES('2022-01-01','admin','local','local','2022-01-01','admin','local','local','HR0008','107', '시외조모','TRUE','107',null);
INSERT INTO HRMCODE
(CREATED_DT,CREATED_USER_ID,CREATED_HOST_IP,CREATED_APP_URL,MODIFIED_DT,MODIFIED_USER_ID,MODIFIED_HOST_IP,MODIFIED_APP_URL,TYPE_ID,CODE,CODE_NM,USE_YN,PRT_SEQ,CMT)
VALUES('2022-01-01','admin','local','local','2022-01-01','admin','local','local','HR0008','108', '처외조부','TRUE','108',null);
INSERT INTO HRMCODE
(CREATED_DT,CREATED_USER_ID,CREATED_HOST_IP,CREATED_APP_URL,MODIFIED_DT,MODIFIED_USER_ID,MODIFIED_HOST_IP,MODIFIED_APP_URL,TYPE_ID,CODE,CODE_NM,USE_YN,PRT_SEQ,CMT)
VALUES('2022-01-01','admin','local','local','2022-01-01','admin','local','local','HR0008','109', '처외조모','TRUE','109',null);
INSERT INTO HRMCODE
(CREATED_DT,CREATED_USER_ID,CREATED_HOST_IP,CREATED_APP_URL,MODIFIED_DT,MODIFIED_USER_ID,MODIFIED_HOST_IP,MODIFIED_APP_URL,TYPE_ID,CODE,CODE_NM,USE_YN,PRT_SEQ,CMT)
VALUES('2022-01-01','admin','local','local','2022-01-01','admin','local','local','HR0009','01', '무학력','TRUE','1',null);
INSERT INTO HRMCODE
(CREATED_DT,CREATED_USER_ID,CREATED_HOST_IP,CREATED_APP_URL,MODIFIED_DT,MODIFIED_USER_ID,MODIFIED_HOST_IP,MODIFIED_APP_URL,TYPE_ID,CODE,CODE_NM,USE_YN,PRT_SEQ,CMT)
VALUES('2022-01-01','admin','local','local','2022-01-01','admin','local','local','HR0009','02', '취학면제','TRUE','1',null);
INSERT INTO HRMCODE
(CREATED_DT,CREATED_USER_ID,CREATED_HOST_IP,CREATED_APP_URL,MODIFIED_DT,MODIFIED_USER_ID,MODIFIED_HOST_IP,MODIFIED_APP_URL,TYPE_ID,CODE,CODE_NM,USE_YN,PRT_SEQ,CMT)
VALUES('2022-01-01','admin','local','local','2022-01-01','admin','local','local','HR0009','03', '취학유예','TRUE','1',null);
INSERT INTO HRMCODE
(CREATED_DT,CREATED_USER_ID,CREATED_HOST_IP,CREATED_APP_URL,MODIFIED_DT,MODIFIED_USER_ID,MODIFIED_HOST_IP,MODIFIED_APP_URL,TYPE_ID,CODE,CODE_NM,USE_YN,PRT_SEQ,CMT)
VALUES('2022-01-01','admin','local','local','2022-01-01','admin','local','local','HR0009','06', '기타학력','TRUE','1',null);
INSERT INTO HRMCODE
(CREATED_DT,CREATED_USER_ID,CREATED_HOST_IP,CREATED_APP_URL,MODIFIED_DT,MODIFIED_USER_ID,MODIFIED_HOST_IP,MODIFIED_APP_URL,TYPE_ID,CODE,CODE_NM,USE_YN,PRT_SEQ,CMT)
VALUES('2022-01-01','admin','local','local','2022-01-01','admin','local','local','HR0009','10', '유치원','TRUE','1',null);
INSERT INTO HRMCODE
(CREATED_DT,CREATED_USER_ID,CREATED_HOST_IP,CREATED_APP_URL,MODIFIED_DT,MODIFIED_USER_ID,MODIFIED_HOST_IP,MODIFIED_APP_URL,TYPE_ID,CODE,CODE_NM,USE_YN,PRT_SEQ,CMT)
VALUES('2022-01-01','admin','local','local','2022-01-01','admin','local','local','HR0009','20', '초등학교','TRUE','1',null);
INSERT INTO HRMCODE
(CREATED_DT,CREATED_USER_ID,CREATED_HOST_IP,CREATED_APP_URL,MODIFIED_DT,MODIFIED_USER_ID,MODIFIED_HOST_IP,MODIFIED_APP_URL,TYPE_ID,CODE,CODE_NM,USE_YN,PRT_SEQ,CMT)
VALUES('2022-01-01','admin','local','local','2022-01-01','admin','local','local','HR0009','21', '초등학교재학','TRUE','1',null);
INSERT INTO HRMCODE
(CREATED_DT,CREATED_USER_ID,CREATED_HOST_IP,CREATED_APP_URL,MODIFIED_DT,MODIFIED_USER_ID,MODIFIED_HOST_IP,MODIFIED_APP_URL,TYPE_ID,CODE,CODE_NM,USE_YN,PRT_SEQ,CMT)
VALUES('2022-01-01','admin','local','local','2022-01-01','admin','local','local','HR0009','22', '초등학교중퇴','TRUE','1',null);
INSERT INTO HRMCODE
(CREATED_DT,CREATED_USER_ID,CREATED_HOST_IP,CREATED_APP_URL,MODIFIED_DT,MODIFIED_USER_ID,MODIFIED_HOST_IP,MODIFIED_APP_URL,TYPE_ID,CODE,CODE_NM,USE_YN,PRT_SEQ,CMT)
VALUES('2022-01-01','admin','local','local','2022-01-01','admin','local','local','HR0009','25', '초등학교졸업','TRUE','1',null);
INSERT INTO HRMCODE
(CREATED_DT,CREATED_USER_ID,CREATED_HOST_IP,CREATED_APP_URL,MODIFIED_DT,MODIFIED_USER_ID,MODIFIED_HOST_IP,MODIFIED_APP_URL,TYPE_ID,CODE,CODE_NM,USE_YN,PRT_SEQ,CMT)
VALUES('2022-01-01','admin','local','local','2022-01-01','admin','local','local','HR0009','30', '중학교','TRUE','1',null);
INSERT INTO HRMCODE
(CREATED_DT,CREATED_USER_ID,CREATED_HOST_IP,CREATED_APP_URL,MODIFIED_DT,MODIFIED_USER_ID,MODIFIED_HOST_IP,MODIFIED_APP_URL,TYPE_ID,CODE,CODE_NM,USE_YN,PRT_SEQ,CMT)
VALUES('2022-01-01','admin','local','local','2022-01-01','admin','local','local','HR0009','31', '중학교재학','TRUE','1',null);
INSERT INTO HRMCODE
(CREATED_DT,CREATED_USER_ID,CREATED_HOST_IP,CREATED_APP_URL,MODIFIED_DT,MODIFIED_USER_ID,MODIFIED_HOST_IP,MODIFIED_APP_URL,TYPE_ID,CODE,CODE_NM,USE_YN,PRT_SEQ,CMT)
VALUES('2022-01-01','admin','local','local','2022-01-01','admin','local','local','HR0009','32', '중학교중퇴','TRUE','1',null);
INSERT INTO HRMCODE
(CREATED_DT,CREATED_USER_ID,CREATED_HOST_IP,CREATED_APP_URL,MODIFIED_DT,MODIFIED_USER_ID,MODIFIED_HOST_IP,MODIFIED_APP_URL,TYPE_ID,CODE,CODE_NM,USE_YN,PRT_SEQ,CMT)
VALUES('2022-01-01','admin','local','local','2022-01-01','admin','local','local','HR0009','34', '중학교검정','TRUE','1',null);
INSERT INTO HRMCODE
(CREATED_DT,CREATED_USER_ID,CREATED_HOST_IP,CREATED_APP_URL,MODIFIED_DT,MODIFIED_USER_ID,MODIFIED_HOST_IP,MODIFIED_APP_URL,TYPE_ID,CODE,CODE_NM,USE_YN,PRT_SEQ,CMT)
VALUES('2022-01-01','admin','local','local','2022-01-01','admin','local','local','HR0009','35', '중학교졸업','TRUE','1',null);
INSERT INTO HRMCODE
(CREATED_DT,CREATED_USER_ID,CREATED_HOST_IP,CREATED_APP_URL,MODIFIED_DT,MODIFIED_USER_ID,MODIFIED_HOST_IP,MODIFIED_APP_URL,TYPE_ID,CODE,CODE_NM,USE_YN,PRT_SEQ,CMT)
VALUES('2022-01-01','admin','local','local','2022-01-01','admin','local','local','HR0009','40', '고등학교','TRUE','1',null);
INSERT INTO HRMCODE
(CREATED_DT,CREATED_USER_ID,CREATED_HOST_IP,CREATED_APP_URL,MODIFIED_DT,MODIFIED_USER_ID,MODIFIED_HOST_IP,MODIFIED_APP_URL,TYPE_ID,CODE,CODE_NM,USE_YN,PRT_SEQ,CMT)
VALUES('2022-01-01','admin','local','local','2022-01-01','admin','local','local','HR0009','41', '고등학교재학','TRUE','1',null);
INSERT INTO HRMCODE
(CREATED_DT,CREATED_USER_ID,CREATED_HOST_IP,CREATED_APP_URL,MODIFIED_DT,MODIFIED_USER_ID,MODIFIED_HOST_IP,MODIFIED_APP_URL,TYPE_ID,CODE,CODE_NM,USE_YN,PRT_SEQ,CMT)
VALUES('2022-01-01','admin','local','local','2022-01-01','admin','local','local','HR0009','42', '고등학교중퇴','TRUE','1',null);
INSERT INTO HRMCODE
(CREATED_DT,CREATED_USER_ID,CREATED_HOST_IP,CREATED_APP_URL,MODIFIED_DT,MODIFIED_USER_ID,MODIFIED_HOST_IP,MODIFIED_APP_URL,TYPE_ID,CODE,CODE_NM,USE_YN,PRT_SEQ,CMT)
VALUES('2022-01-01','admin','local','local','2022-01-01','admin','local','local','HR0009','44', '고등학교검정','TRUE','1',null);
INSERT INTO HRMCODE
(CREATED_DT,CREATED_USER_ID,CREATED_HOST_IP,CREATED_APP_URL,MODIFIED_DT,MODIFIED_USER_ID,MODIFIED_HOST_IP,MODIFIED_APP_URL,TYPE_ID,CODE,CODE_NM,USE_YN,PRT_SEQ,CMT)
VALUES('2022-01-01','admin','local','local','2022-01-01','admin','local','local','HR0009','45', '고등학교졸업','TRUE','1',null);
INSERT INTO HRMCODE
(CREATED_DT,CREATED_USER_ID,CREATED_HOST_IP,CREATED_APP_URL,MODIFIED_DT,MODIFIED_USER_ID,MODIFIED_HOST_IP,MODIFIED_APP_URL,TYPE_ID,CODE,CODE_NM,USE_YN,PRT_SEQ,CMT)
VALUES('2022-01-01','admin','local','local','2022-01-01','admin','local','local','HR0009','50', '전문대학','TRUE','1',null);
INSERT INTO HRMCODE
(CREATED_DT,CREATED_USER_ID,CREATED_HOST_IP,CREATED_APP_URL,MODIFIED_DT,MODIFIED_USER_ID,MODIFIED_HOST_IP,MODIFIED_APP_URL,TYPE_ID,CODE,CODE_NM,USE_YN,PRT_SEQ,CMT)
VALUES('2022-01-01','admin','local','local','2022-01-01','admin','local','local','HR0009','51', '전문대학재학','TRUE','1',null);
INSERT INTO HRMCODE
(CREATED_DT,CREATED_USER_ID,CREATED_HOST_IP,CREATED_APP_URL,MODIFIED_DT,MODIFIED_USER_ID,MODIFIED_HOST_IP,MODIFIED_APP_URL,TYPE_ID,CODE,CODE_NM,USE_YN,PRT_SEQ,CMT)
VALUES('2022-01-01','admin','local','local','2022-01-01','admin','local','local','HR0009','52', '전문대학중퇴','TRUE','1',null);
INSERT INTO HRMCODE
(CREATED_DT,CREATED_USER_ID,CREATED_HOST_IP,CREATED_APP_URL,MODIFIED_DT,MODIFIED_USER_ID,MODIFIED_HOST_IP,MODIFIED_APP_URL,TYPE_ID,CODE,CODE_NM,USE_YN,PRT_SEQ,CMT)
VALUES('2022-01-01','admin','local','local','2022-01-01','admin','local','local','HR0009','53', '전문대학수료','TRUE','1',null);
INSERT INTO HRMCODE
(CREATED_DT,CREATED_USER_ID,CREATED_HOST_IP,CREATED_APP_URL,MODIFIED_DT,MODIFIED_USER_ID,MODIFIED_HOST_IP,MODIFIED_APP_URL,TYPE_ID,CODE,CODE_NM,USE_YN,PRT_SEQ,CMT)
VALUES('2022-01-01','admin','local','local','2022-01-01','admin','local','local','HR0009','55', '전문대학졸업','TRUE','1',null);
INSERT INTO HRMCODE
(CREATED_DT,CREATED_USER_ID,CREATED_HOST_IP,CREATED_APP_URL,MODIFIED_DT,MODIFIED_USER_ID,MODIFIED_HOST_IP,MODIFIED_APP_URL,TYPE_ID,CODE,CODE_NM,USE_YN,PRT_SEQ,CMT)
VALUES('2022-01-01','admin','local','local','2022-01-01','admin','local','local','HR0009','60', '대학(교)','TRUE','1',null);
INSERT INTO HRMCODE
(CREATED_DT,CREATED_USER_ID,CREATED_HOST_IP,CREATED_APP_URL,MODIFIED_DT,MODIFIED_USER_ID,MODIFIED_HOST_IP,MODIFIED_APP_URL,TYPE_ID,CODE,CODE_NM,USE_YN,PRT_SEQ,CMT)
VALUES('2022-01-01','admin','local','local','2022-01-01','admin','local','local','HR0009','61', '대학(교)재학','TRUE','1',null);
INSERT INTO HRMCODE
(CREATED_DT,CREATED_USER_ID,CREATED_HOST_IP,CREATED_APP_URL,MODIFIED_DT,MODIFIED_USER_ID,MODIFIED_HOST_IP,MODIFIED_APP_URL,TYPE_ID,CODE,CODE_NM,USE_YN,PRT_SEQ,CMT)
VALUES('2022-01-01','admin','local','local','2022-01-01','admin','local','local','HR0009','62', '대학(교)중퇴','TRUE','1',null);
INSERT INTO HRMCODE
(CREATED_DT,CREATED_USER_ID,CREATED_HOST_IP,CREATED_APP_URL,MODIFIED_DT,MODIFIED_USER_ID,MODIFIED_HOST_IP,MODIFIED_APP_URL,TYPE_ID,CODE,CODE_NM,USE_YN,PRT_SEQ,CMT)
VALUES('2022-01-01','admin','local','local','2022-01-01','admin','local','local','HR0009','63', '대학(교)수료','TRUE','1',null);
INSERT INTO HRMCODE
(CREATED_DT,CREATED_USER_ID,CREATED_HOST_IP,CREATED_APP_URL,MODIFIED_DT,MODIFIED_USER_ID,MODIFIED_HOST_IP,MODIFIED_APP_URL,TYPE_ID,CODE,CODE_NM,USE_YN,PRT_SEQ,CMT)
VALUES('2022-01-01','admin','local','local','2022-01-01','admin','local','local','HR0009','65', '대학(교)졸업','TRUE','1',null);
INSERT INTO HRMCODE
(CREATED_DT,CREATED_USER_ID,CREATED_HOST_IP,CREATED_APP_URL,MODIFIED_DT,MODIFIED_USER_ID,MODIFIED_HOST_IP,MODIFIED_APP_URL,TYPE_ID,CODE,CODE_NM,USE_YN,PRT_SEQ,CMT)
VALUES('2022-01-01','admin','local','local','2022-01-01','admin','local','local','HR0009','70', '대학원석사과정','TRUE','1',null);
INSERT INTO HRMCODE
(CREATED_DT,CREATED_USER_ID,CREATED_HOST_IP,CREATED_APP_URL,MODIFIED_DT,MODIFIED_USER_ID,MODIFIED_HOST_IP,MODIFIED_APP_URL,TYPE_ID,CODE,CODE_NM,USE_YN,PRT_SEQ,CMT)
VALUES('2022-01-01','admin','local','local','2022-01-01','admin','local','local','HR0009','71', '석사과정재학','TRUE','1',null);
INSERT INTO HRMCODE
(CREATED_DT,CREATED_USER_ID,CREATED_HOST_IP,CREATED_APP_URL,MODIFIED_DT,MODIFIED_USER_ID,MODIFIED_HOST_IP,MODIFIED_APP_URL,TYPE_ID,CODE,CODE_NM,USE_YN,PRT_SEQ,CMT)
VALUES('2022-01-01','admin','local','local','2022-01-01','admin','local','local','HR0009','72', '석사과정중퇴','TRUE','1',null);
INSERT INTO HRMCODE
(CREATED_DT,CREATED_USER_ID,CREATED_HOST_IP,CREATED_APP_URL,MODIFIED_DT,MODIFIED_USER_ID,MODIFIED_HOST_IP,MODIFIED_APP_URL,TYPE_ID,CODE,CODE_NM,USE_YN,PRT_SEQ,CMT)
VALUES('2022-01-01','admin','local','local','2022-01-01','admin','local','local','HR0009','73', '석사과정수료','TRUE','1',null);
INSERT INTO HRMCODE
(CREATED_DT,CREATED_USER_ID,CREATED_HOST_IP,CREATED_APP_URL,MODIFIED_DT,MODIFIED_USER_ID,MODIFIED_HOST_IP,MODIFIED_APP_URL,TYPE_ID,CODE,CODE_NM,USE_YN,PRT_SEQ,CMT)
VALUES('2022-01-01','admin','local','local','2022-01-01','admin','local','local','HR0009','75', '석사과정졸업','TRUE','1',null);
INSERT INTO HRMCODE
(CREATED_DT,CREATED_USER_ID,CREATED_HOST_IP,CREATED_APP_URL,MODIFIED_DT,MODIFIED_USER_ID,MODIFIED_HOST_IP,MODIFIED_APP_URL,TYPE_ID,CODE,CODE_NM,USE_YN,PRT_SEQ,CMT)
VALUES('2022-01-01','admin','local','local','2022-01-01','admin','local','local','HR0009','80', '대학원박사과정','TRUE','1',null);
INSERT INTO HRMCODE
(CREATED_DT,CREATED_USER_ID,CREATED_HOST_IP,CREATED_APP_URL,MODIFIED_DT,MODIFIED_USER_ID,MODIFIED_HOST_IP,MODIFIED_APP_URL,TYPE_ID,CODE,CODE_NM,USE_YN,PRT_SEQ,CMT)
VALUES('2022-01-01','admin','local','local','2022-01-01','admin','local','local','HR0009','81', '박사과정재학','TRUE','1',null);
INSERT INTO HRMCODE
(CREATED_DT,CREATED_USER_ID,CREATED_HOST_IP,CREATED_APP_URL,MODIFIED_DT,MODIFIED_USER_ID,MODIFIED_HOST_IP,MODIFIED_APP_URL,TYPE_ID,CODE,CODE_NM,USE_YN,PRT_SEQ,CMT)
VALUES('2022-01-01','admin','local','local','2022-01-01','admin','local','local','HR0009','82', '박사과정중퇴','TRUE','1',null);
INSERT INTO HRMCODE
(CREATED_DT,CREATED_USER_ID,CREATED_HOST_IP,CREATED_APP_URL,MODIFIED_DT,MODIFIED_USER_ID,MODIFIED_HOST_IP,MODIFIED_APP_URL,TYPE_ID,CODE,CODE_NM,USE_YN,PRT_SEQ,CMT)
VALUES('2022-01-01','admin','local','local','2022-01-01','admin','local','local','HR0009','83', '박사과정수료','TRUE','1',null);
INSERT INTO HRMCODE
(CREATED_DT,CREATED_USER_ID,CREATED_HOST_IP,CREATED_APP_URL,MODIFIED_DT,MODIFIED_USER_ID,MODIFIED_HOST_IP,MODIFIED_APP_URL,TYPE_ID,CODE,CODE_NM,USE_YN,PRT_SEQ,CMT)
VALUES('2022-01-01','admin','local','local','2022-01-01','admin','local','local','HR0009','85', '박사과정졸업','TRUE','1',null);
INSERT INTO HRMCODE
(CREATED_DT,CREATED_USER_ID,CREATED_HOST_IP,CREATED_APP_URL,MODIFIED_DT,MODIFIED_USER_ID,MODIFIED_HOST_IP,MODIFIED_APP_URL,TYPE_ID,CODE,CODE_NM,USE_YN,PRT_SEQ,CMT)
VALUES('2022-01-01','admin','local','local','2022-01-01','admin','local','local','HR0009','86', '고등전문학교','TRUE','1',null);
INSERT INTO HRMCODE
(CREATED_DT,CREATED_USER_ID,CREATED_HOST_IP,CREATED_APP_URL,MODIFIED_DT,MODIFIED_USER_ID,MODIFIED_HOST_IP,MODIFIED_APP_URL,TYPE_ID,CODE,CODE_NM,USE_YN,PRT_SEQ,CMT)
VALUES('2022-01-01','admin','local','local','2022-01-01','admin','local','local','HR0010','0001','A학교','TRUE','1',null);
INSERT INTO HRMCODE
(CREATED_DT,CREATED_USER_ID,CREATED_HOST_IP,CREATED_APP_URL,MODIFIED_DT,MODIFIED_USER_ID,MODIFIED_HOST_IP,MODIFIED_APP_URL,TYPE_ID,CODE,CODE_NM,USE_YN,PRT_SEQ,CMT)
VALUES('2022-01-01','admin','local','local','2022-01-01','admin','local','local','HR0010','0002','B학교','TRUE','2',null);
INSERT INTO HRMCODE
(CREATED_DT,CREATED_USER_ID,CREATED_HOST_IP,CREATED_APP_URL,MODIFIED_DT,MODIFIED_USER_ID,MODIFIED_HOST_IP,MODIFIED_APP_URL,TYPE_ID,CODE,CODE_NM,USE_YN,PRT_SEQ,CMT)
VALUES('2022-01-01','admin','local','local','2022-01-01','admin','local','local','HR0011','0001','운전면허','TRUE','1',null);
INSERT INTO HRMCODE
(CREATED_DT,CREATED_USER_ID,CREATED_HOST_IP,CREATED_APP_URL,MODIFIED_DT,MODIFIED_USER_ID,MODIFIED_HOST_IP,MODIFIED_APP_URL,TYPE_ID,CODE,CODE_NM,USE_YN,PRT_SEQ,CMT)
VALUES('2022-01-01','admin','local','local','2001-01-01','admin','local','local','HR1001','A01','연차',TRUE,'1',null);
INSERT INTO HRMCODE
(CREATED_DT,CREATED_USER_ID,CREATED_HOST_IP,CREATED_APP_URL,MODIFIED_DT,MODIFIED_USER_ID,MODIFIED_HOST_IP,MODIFIED_APP_URL,TYPE_ID,CODE,CODE_NM,USE_YN,PRT_SEQ,CMT)
VALUES('2022-01-01','admin','local','local','2001-01-01','admin','local','local','HR1001','A02','반차',TRUE,'2',null);
INSERT INTO HRMCODE
(CREATED_DT,CREATED_USER_ID,CREATED_HOST_IP,CREATED_APP_URL,MODIFIED_DT,MODIFIED_USER_ID,MODIFIED_HOST_IP,MODIFIED_APP_URL,TYPE_ID,CODE,CODE_NM,USE_YN,PRT_SEQ,CMT)
VALUES('2022-01-01','admin','local','local','2001-01-01','admin','local','local','HR1001','A03','반반차',TRUE,'3',null);


INSERT INTO HRMSTAFF
(CREATED_DT,CREATED_USER_ID,CREATED_HOST_IP,CREATED_APP_URL,MODIFIED_DT,MODIFIED_USER_ID,MODIFIED_HOST_IP,MODIFIED_APP_URL,ORG_CD,STAFF_NO,STAFF_NAME,RREGNO,BIRTHDAY,GENDER,STAFF_YN)
VALUES('2022-01-01','admin','local','local','2001-01-01','admin','local','local','001','admin','관리자','9901011234567','1999-01-01','M',true);
INSERT INTO HRMSTAFF
(CREATED_DT,CREATED_USER_ID,CREATED_HOST_IP,CREATED_APP_URL,MODIFIED_DT,MODIFIED_USER_ID,MODIFIED_HOST_IP,MODIFIED_APP_URL,ORG_CD,STAFF_NO,STAFF_NAME,RREGNO,BIRTHDAY,GENDER,STAFF_YN)
VALUES('2022-01-01','admin','local','local','2001-01-01','admin','local','local','001','TEST','TEST','9901011234567','1999-01-01','M',true);
INSERT INTO HRMSTAFF
(CREATED_DT,CREATED_USER_ID,CREATED_HOST_IP,CREATED_APP_URL,MODIFIED_DT,MODIFIED_USER_ID,MODIFIED_HOST_IP,MODIFIED_APP_URL,ORG_CD,STAFF_NO,STAFF_NAME,RREGNO,BIRTHDAY,GENDER,STAFF_YN)
VALUES('2022-01-01','admin','local','local','2001-01-01','admin','local','local','001','TEST2','TEST2','9902022234567','1999-02-02','F',true);