/*
INSERT INTO COMCODE
(CREATED_DT,CREATED_USER_ID,CREATED_HOST_IP,CREATED_APP_URL,MODIFIED_DT,MODIFIED_USER_ID,MODIFIED_HOST_IP,MODIFIED_APP_URL,SYSTEM_TYPE_CODE,CODE_ID,CODE,CODE_NAME,CODE_NAME_ABBR,P_CODE_ID,FROM_DT,TO_DT,HIERARCHY_LEVEL,PRT_SEQ,LOW_LEVEL_CODE_LENGTH,CMT)
VALUES('2022-01-01','0011','local','local','2022-01-01','0011','local','local','COM','ORG_CD','ORG_CD','조직코드','',NULL,'2001-01-01','9999-12-31',1,0,3,NULL);
INSERT INTO COMCODE
(CREATED_DT,CREATED_USER_ID,CREATED_HOST_IP,CREATED_APP_URL,MODIFIED_DT,MODIFIED_USER_ID,MODIFIED_HOST_IP,MODIFIED_APP_URL,SYSTEM_TYPE_CODE,CODE_ID,CODE,CODE_NAME,CODE_NAME_ABBR,P_CODE_ID,FROM_DT,TO_DT,HIERARCHY_LEVEL,PRT_SEQ,LOW_LEVEL_CODE_LENGTH,CMT)
VALUES('2022-01-01','0011','local','local','2022-01-01','0011','local','local','COM','ORG_CD001','001','테스트조직','','ORG_CD','2001-01-01','9999-12-31',2,0,0,NULL);

INSERT INTO COMDEPT
(CREATED_DT,CREATED_USER_ID,CREATED_HOST_IP,CREATED_APP_URL,MODIFIED_DT,MODIFIED_USER_ID,MODIFIED_HOST_IP,MODIFIED_APP_URL,DEPT_ID,ORG_CD,DEPT_CD,P_DEPT_ID,DEPT_NM_KOR,DEPT_ABBR_KOR,DEPT_NM_ENG,DEPT_ABBR_ENG,FROM_DT,TO_DT,PRT_SEQ,CMT)
VALUES('2022-01-01','0011','local','local','2022-01-01','0011','local','local','001A','001','A',NULL,'A팀',NULL,'ATEAM',NULL,'2001-01-01','9999-12-31',1,NULL);
INSERT INTO COMDEPT
(CREATED_DT,CREATED_USER_ID,CREATED_HOST_IP,CREATED_APP_URL,MODIFIED_DT,MODIFIED_USER_ID,MODIFIED_HOST_IP,MODIFIED_APP_URL,DEPT_ID,ORG_CD,DEPT_CD,P_DEPT_ID,DEPT_NM_KOR,DEPT_ABBR_KOR,DEPT_NM_ENG,DEPT_ABBR_ENG,FROM_DT,TO_DT,PRT_SEQ,CMT)
VALUES('2022-01-01','0011','local','local','2022-01-01','0011','local','local','001B','001','B',NULL,'B팀',NULL,'BTEAM',NULL,'2001-01-01','9999-12-31',1,NULL);

INSERT INTO comresource
(CREATED_DT, CREATED_USER_ID, MODIFIED_DT, MODIFIED_USER_ID, RESOURCE_ID, RESOURCE_NAME, RESOURCE_TYPE, URL, DESCRIPTION)
VALUES('2022-01-01', '0011', '2022-01-01', '0011', 'COM001', '사용자등록', 'APP', 'system/user', '시스템 사용자 등록 프로그램');
INSERT INTO comresource
(CREATED_DT, CREATED_USER_ID, MODIFIED_DT, MODIFIED_USER_ID, RESOURCE_ID, RESOURCE_NAME, RESOURCE_TYPE, URL, DESCRIPTION)
VALUES('2022-01-01', '0011', '2022-01-01', '0011', 'COM002', '권한등록', 'APP', 'system/auth', '사용자 권한 등록 프로그램');
INSERT INTO comresource
(CREATED_DT, CREATED_USER_ID, MODIFIED_DT, MODIFIED_USER_ID, RESOURCE_ID, RESOURCE_NAME, RESOURCE_TYPE, URL, DESCRIPTION)
VALUES('2022-01-01', '0011', '2022-01-01', '0011', 'COM003', '공통코드등록', 'APP', 'system/commoncode', '공통코드 등록 프로그램');
INSERT INTO comresource
(CREATED_DT, CREATED_USER_ID, MODIFIED_DT, MODIFIED_USER_ID, RESOURCE_ID, RESOURCE_NAME, RESOURCE_TYPE, URL, DESCRIPTION)
VALUES('2022-01-01', '0011', '2022-01-01', '0011', 'COM004', '리소스등록', 'APP', 'system/program', '웹 리소스 등록 프로그램');
INSERT INTO comresource
(CREATED_DT, CREATED_USER_ID, MODIFIED_DT, MODIFIED_USER_ID, RESOURCE_ID, RESOURCE_NAME, RESOURCE_TYPE, URL, DESCRIPTION)
VALUES('2022-01-01', '0011', '2022-01-01', '0011', 'COM005', '메뉴등록', 'APP', 'system/menu', '메뉴 등록 프로그램');
INSERT INTO comresource
(CREATED_DT, CREATED_USER_ID, MODIFIED_DT, MODIFIED_USER_ID, RESOURCE_ID, RESOURCE_NAME, RESOURCE_TYPE, URL, DESCRIPTION)
VALUES('2022-01-01', '0011', '2022-01-01', '0011', 'COM006', '부서코드등록', 'APP', 'system/dept', '부서코드 등록 프로그램');
INSERT INTO comresource
(CREATED_DT, CREATED_USER_ID, MODIFIED_DT, MODIFIED_USER_ID, RESOURCE_ID, RESOURCE_NAME, RESOURCE_TYPE, URL, DESCRIPTION)
VALUES('2022-01-01', '0011', '2022-01-01', '0011', 'COM007', '공휴일등록', 'APP', 'system/holiday', '공휴일등록');
INSERT INTO comresource
(CREATED_DT, CREATED_USER_ID, MODIFIED_DT, MODIFIED_USER_ID, RESOURCE_ID, RESOURCE_NAME, RESOURCE_TYPE, URL, DESCRIPTION)
VALUES('2022-01-01', '0011', '2022-01-01', '0011', 'COM009', '용어등록', 'APP', 'system/term', '용어사전');
INSERT INTO comresource
(CREATED_DT, CREATED_USER_ID, MODIFIED_DT, MODIFIED_USER_ID, RESOURCE_ID, RESOURCE_NAME, RESOURCE_TYPE, URL, DESCRIPTION)
VALUES('2022-01-01', '0011', '2022-01-01', '0011', 'COM010', '프로그램등록', 'APP', 'home/program', '');
INSERT INTO comresource
(CREATED_DT, CREATED_USER_ID, MODIFIED_DT, MODIFIED_USER_ID, RESOURCE_ID, RESOURCE_NAME, RESOURCE_TYPE, URL, DESCRIPTION)
VALUES('2022-01-01', '0011', '2022-01-01', '0011', 'COM012', '작업그룹', 'APP', 'home/workgroup', NULL);
INSERT INTO comresource
(CREATED_DT, CREATED_USER_ID, MODIFIED_DT, MODIFIED_USER_ID, RESOURCE_ID, RESOURCE_NAME, RESOURCE_TYPE, URL, DESCRIPTION)
VALUES('2022-01-01', '0011', '2022-01-01', '0011', 'GRP0001', '게시판등록', 'APP', 'home/board', NULL);
INSERT INTO comresource
(CREATED_DT, CREATED_USER_ID, MODIFIED_DT, MODIFIED_USER_ID, RESOURCE_ID, RESOURCE_NAME, RESOURCE_TYPE, URL, DESCRIPTION)
VALUES('2022-01-01', '0011', '2022-01-01', '0011', 'GRP0002', '작업그룹', 'APP', 'home/workgroup', '작업그룹');
INSERT INTO comresource
(CREATED_DT, CREATED_USER_ID, MODIFIED_DT, MODIFIED_USER_ID, RESOURCE_ID, RESOURCE_NAME, RESOURCE_TYPE, URL, DESCRIPTION)
VALUES('2022-01-01', '0011', '2022-01-01', '0011', 'GRP0003', '설문', 'APP', 'home/surveyform', NULL);
INSERT INTO comresource
(CREATED_DT, CREATED_USER_ID, MODIFIED_DT, MODIFIED_USER_ID, RESOURCE_ID, RESOURCE_NAME, RESOURCE_TYPE, URL, DESCRIPTION)
VALUES('2022-01-01', '0011', '2022-01-01', '0011', 'HRM0000', '인사유형등록', 'APP', 'home/hrmtype', NULL);
INSERT INTO comresource
(CREATED_DT, CREATED_USER_ID, MODIFIED_DT, MODIFIED_USER_ID, RESOURCE_ID, RESOURCE_NAME, RESOURCE_TYPE, URL, DESCRIPTION)
VALUES('2022-01-01', '0011', '2022-01-01', '0011', 'HRM0001', '발령코드등록', 'APP', 'home/appointmentcode', NULL);
INSERT INTO comresource
(CREATED_DT, CREATED_USER_ID, MODIFIED_DT, MODIFIED_USER_ID, RESOURCE_ID, RESOURCE_NAME, RESOURCE_TYPE, URL, DESCRIPTION)
VALUES('2022-01-01', '0011', '2022-01-01', '0011', 'HRM0002', '인사마스터', 'APP', 'home/employee', '');
INSERT INTO comresource
(CREATED_DT, CREATED_USER_ID, MODIFIED_DT, MODIFIED_USER_ID, RESOURCE_ID, RESOURCE_NAME, RESOURCE_TYPE, URL, DESCRIPTION)
VALUES('2022-01-01', '0011', '2022-01-01', '0011', 'HRM0003', '발령등록', 'APP', 'home/appointmentledger', NULL);
INSERT INTO comresource
(CREATED_DT, CREATED_USER_ID, MODIFIED_DT, MODIFIED_USER_ID, RESOURCE_ID, RESOURCE_NAME, RESOURCE_TYPE, URL, DESCRIPTION)
VALUES('2022-01-01', '0011', '2022-01-01', '0011', 'HRM0004', '근무코드관리', 'APP', 'home/dutycode', NULL);
INSERT INTO comresource
(CREATED_DT, CREATED_USER_ID, MODIFIED_DT, MODIFIED_USER_ID, RESOURCE_ID, RESOURCE_NAME, RESOURCE_TYPE, URL, DESCRIPTION)
VALUES('2022-01-01', '0011', '2022-01-01', '0011', 'HRM0005', '근태신청관리', 'APP', 'home/dutyapplication', NULL);
INSERT INTO comresource
(CREATED_DT, CREATED_USER_ID, MODIFIED_DT, MODIFIED_USER_ID, RESOURCE_ID, RESOURCE_NAME, RESOURCE_TYPE, URL, DESCRIPTION)
VALUES('2022-01-01', '0011', '2022-01-01', '0011', 'HRM1001', '급여항목코드등록', 'APP', 'home/payitem', NULL);
INSERT INTO comresource
(CREATED_DT, CREATED_USER_ID, MODIFIED_DT, MODIFIED_USER_ID, RESOURCE_ID, RESOURCE_NAME, RESOURCE_TYPE, URL, DESCRIPTION)
VALUES('2022-01-01', '0011', '2022-01-01', '0011', 'HRM1002', '급여테이블등록', 'APP', 'home/paytable', NULL);
INSERT INTO comresource
(CREATED_DT, CREATED_USER_ID, MODIFIED_DT, MODIFIED_USER_ID, RESOURCE_ID, RESOURCE_NAME, RESOURCE_TYPE, URL, DESCRIPTION)
VALUES('2022-01-01', '0011', '2022-01-01', '0011', 'PROGRAM1', '프로그램1', 'APP', 'home/home', '222');
INSERT INTO comresource
(CREATED_DT, CREATED_USER_ID, MODIFIED_DT, MODIFIED_USER_ID, RESOURCE_ID, RESOURCE_NAME, RESOURCE_TYPE, URL, DESCRIPTION)
VALUES('2022-01-01', '0011', '2022-01-01', '0011', 'TEST', '테스트프로그램', 'APP', 'home/todo', 'home/relationcode');
INSERT INTO comresource
(CREATED_DT, CREATED_USER_ID, MODIFIED_DT, MODIFIED_USER_ID, RESOURCE_ID, RESOURCE_NAME, RESOURCE_TYPE, URL, DESCRIPTION)
VALUES('2022-01-01', '0011', '2022-01-01', '0011', 'TEST2', '테스트프로그램2', 'APP', 'home/deptemployeelist', NULL);


INSERT INTO commenugroup
(CREATED_DT, CREATED_USER_ID, MODIFIED_DT, MODIFIED_USER_ID, MENU_GROUP_ID, ORG_CD, MENU_GROUP_CODE, MENU_GROUP_NAME, DESCRIPTION)
VALUES('2022-01-01', '0011', '2022-01-01', '0011', '001COM', '001', 'COM', '시스템운영', NULL);
INSERT INTO commenugroup
(CREATED_DT, CREATED_USER_ID, MODIFIED_DT, MODIFIED_USER_ID, MENU_GROUP_ID, ORG_CD, MENU_GROUP_CODE, MENU_GROUP_NAME, DESCRIPTION)
VALUES('2022-01-01', '0011', '2022-01-01', '0011', '001GRP', '001', 'GRP', '그룹웨어', NULL);
INSERT INTO commenugroup
(CREATED_DT, CREATED_USER_ID, MODIFIED_DT, MODIFIED_USER_ID, MENU_GROUP_ID, ORG_CD, MENU_GROUP_CODE, MENU_GROUP_NAME, DESCRIPTION)
VALUES('2022-01-01', '0011', '2022-01-01', '0011', '001HRM', '001', 'HRM', '인사관리', NULL);


INSERT INTO commenu
(CREATED_DT, CREATED_USER_ID, MODIFIED_DT, MODIFIED_USER_ID, MENU_GROUP_ID, MENU_ID, ORG_CD, MENU_CODE, MENU_NAME, P_MENU_ID, APP_URL, SEQ, LVL, MENU_TYPE)
VALUES('2022-01-01', '0011', '2022-01-01', '0011', '001COM', '001COM1', '001', '1','시스템', NULL, NULL, 1, 0, 'SUBMENU');
INSERT INTO commenu
(CREATED_DT, CREATED_USER_ID, MODIFIED_DT, MODIFIED_USER_ID, MENU_GROUP_ID, MENU_ID, ORG_CD, MENU_CODE, MENU_NAME, P_MENU_ID, APP_URL, SEQ, LVL, MENU_TYPE)
VALUES('2022-01-01', '0011', '2022-01-01', '0011', '001COM', '001COM2', '001', '2','사용자등록', '001COM1', 'system/user', 1, 0, 'ITEM');
INSERT INTO commenu
(CREATED_DT, CREATED_USER_ID, MODIFIED_DT, MODIFIED_USER_ID, MENU_GROUP_ID, MENU_ID, ORG_CD, MENU_CODE, MENU_NAME, P_MENU_ID, APP_URL, SEQ, LVL, MENU_TYPE)
VALUES('2022-01-01', '0011', '2022-01-01', '0011', '001COM', '001COM3', '001', '3','권한등록', '001COM1', 'system/auth', 2, 0, 'ITEM');
INSERT INTO commenu
(CREATED_DT, CREATED_USER_ID, MODIFIED_DT, MODIFIED_USER_ID, MENU_GROUP_ID, MENU_ID, ORG_CD, MENU_CODE, MENU_NAME, P_MENU_ID, APP_URL, SEQ, LVL, MENU_TYPE)
VALUES('2022-01-01', '0011', '2022-01-01', '0011', '001COM', '001COM4', '001', '4','계층코드등록', '001COM1', 'system/commoncode', 3, 0, 'ITEM');
INSERT INTO commenu
(CREATED_DT, CREATED_USER_ID, MODIFIED_DT, MODIFIED_USER_ID, MENU_GROUP_ID, MENU_ID, ORG_CD, MENU_CODE, MENU_NAME, P_MENU_ID, APP_URL, SEQ, LVL, MENU_TYPE)
VALUES('2022-01-01', '0011', '2022-01-01', '0011', '001COM', '001COM5', '001', '5','코드등록', '001COM1', 'system/bizcode', 4, 0, 'ITEM');
INSERT INTO commenu
(CREATED_DT, CREATED_USER_ID, MODIFIED_DT, MODIFIED_USER_ID, MENU_GROUP_ID, MENU_ID, ORG_CD, MENU_CODE, MENU_NAME, P_MENU_ID, APP_URL, SEQ, LVL, MENU_TYPE)
VALUES('2022-01-01', '0011', '2022-01-01', '0011', '001COM', '001COM6', '001', '6','리소스등록', '001COM1', 'system/program', 5, 0, 'ITEM');
INSERT INTO commenu
(CREATED_DT, CREATED_USER_ID, MODIFIED_DT, MODIFIED_USER_ID, MENU_GROUP_ID, MENU_ID, ORG_CD, MENU_CODE, MENU_NAME, P_MENU_ID, APP_URL, SEQ, LVL, MENU_TYPE)
VALUES('2022-01-01', '0011', '2022-01-01', '0011', '001COM', '001COM7', '001', '7','메뉴등록', '001COM1', 'system/menu', 6, 0, 'ITEM');
INSERT INTO commenu
(CREATED_DT, CREATED_USER_ID, MODIFIED_DT, MODIFIED_USER_ID, MENU_GROUP_ID, MENU_ID, ORG_CD, MENU_CODE, MENU_NAME, P_MENU_ID, APP_URL, SEQ, LVL, MENU_TYPE)
VALUES('2022-01-01', '0011', '2022-01-01', '0011', '001COM', '001COM8', '001', '8','부서코드등록', '001COM1', 'system/dept', 7, 0, 'ITEM');
INSERT INTO commenu
(CREATED_DT, CREATED_USER_ID, MODIFIED_DT, MODIFIED_USER_ID, MENU_GROUP_ID, MENU_ID, ORG_CD, MENU_CODE, MENU_NAME, P_MENU_ID, APP_URL, SEQ, LVL, MENU_TYPE)
VALUES('2022-01-01', '0011', '2022-01-01', '0011', '001COM', '001COM9', '001', '9','공휴일등록', '001COM1', 'system/holiday', 8, 0, 'ITEM');
INSERT INTO commenu
(CREATED_DT, CREATED_USER_ID, MODIFIED_DT, MODIFIED_USER_ID, MENU_GROUP_ID, MENU_ID, ORG_CD, MENU_CODE, MENU_NAME, P_MENU_ID, APP_URL, SEQ, LVL, MENU_TYPE)
VALUES('2022-01-01', '0011', '2022-01-01', '0011', '001COM', '001COM10', '001', '10','용어등록', '001COM1', 'system/term', 9, 0, 'ITEM');
INSERT INTO commenu
(CREATED_DT, CREATED_USER_ID, MODIFIED_DT, MODIFIED_USER_ID, MENU_GROUP_ID, MENU_ID, ORG_CD, MENU_CODE, MENU_NAME, P_MENU_ID, APP_URL, SEQ, LVL, MENU_TYPE)
VALUES('2022-01-01', '0011', '2022-01-01', '0011', '001GRP', '001GRP1', '001', '1','게시판등록', NULL, 'grw/board', 1, 0, 'ITEM');
INSERT INTO commenu
(CREATED_DT, CREATED_USER_ID, MODIFIED_DT, MODIFIED_USER_ID, MENU_GROUP_ID, MENU_ID, ORG_CD, MENU_CODE, MENU_NAME, P_MENU_ID, APP_URL, SEQ, LVL, MENU_TYPE)
VALUES('2022-01-01', '0011', '2022-01-01', '0011', '001GRP', '001GRP2', '001', '2','작업그룹', NULL, 'grw/workgroup', 2, 0, 'ITEM');
INSERT INTO commenu
(CREATED_DT, CREATED_USER_ID, MODIFIED_DT, MODIFIED_USER_ID, MENU_GROUP_ID, MENU_ID, ORG_CD, MENU_CODE, MENU_NAME, P_MENU_ID, APP_URL, SEQ, LVL, MENU_TYPE)
VALUES('2022-01-01', '0011', '2022-01-01', '0011', '001GRP', '001GRP3', '001', '3','팀등록', NULL, 'grw/team', 2, 0, 'ITEM');
INSERT INTO commenu
(CREATED_DT, CREATED_USER_ID, MODIFIED_DT, MODIFIED_USER_ID, MENU_GROUP_ID, MENU_ID, ORG_CD, MENU_CODE, MENU_NAME, P_MENU_ID, APP_URL, SEQ, LVL, MENU_TYPE)
VALUES('2022-01-01', '0011', '2022-01-01', '0011', '001HRM', '001HRM1', '001', '1','HRM코드관리', NULL, 'hrm/hrmtype', 1, 0, 'ITEM');
INSERT INTO commenu
(CREATED_DT, CREATED_USER_ID, MODIFIED_DT, MODIFIED_USER_ID, MENU_GROUP_ID, MENU_ID, ORG_CD, MENU_CODE, MENU_NAME, P_MENU_ID, APP_URL, SEQ, LVL, MENU_TYPE)
VALUES('2022-01-01', '0011', '2022-01-01', '0011', '001HRM', '001HRM2', '001', '2','인사기본관리', NULL, 'hrm/staff', 2, 0, 'ITEM');
INSERT INTO commenu
(CREATED_DT, CREATED_USER_ID, MODIFIED_DT, MODIFIED_USER_ID, MENU_GROUP_ID, MENU_ID, ORG_CD, MENU_CODE, MENU_NAME, P_MENU_ID, APP_URL, SEQ, LVL, MENU_TYPE)
VALUES('2022-01-01', '0011', '2022-01-01', '0011', '001HRM', '001HRM3', '001', '3','근무변동신청', NULL, 'hrm/dutyapplication', 2, 0, 'ITEM');


INSERT INTO comuser
(user_id, pwd, user_name, non_expired_yn, non_locked_yn, enabled_yn, pass_non_expired_yn, CREATED_DT, CREATED_USER_ID, MODIFIED_DT, MODIFIED_USER_ID, ORG_CD, STAFF_NO) 
VALUES('0011', '$2a$10$2rUCawd6xNfqGlnqMRV.3.1eapi6HJExs5kMqSJS3oULEZGsYmpra', 'test', 1, 1, 1, 1, '2022-01-01', '0011', '2022-01-01', '0011', '001', '1');

INSERT INTO comusermenugroup
(CREATED_DT, CREATED_USER_ID, MODIFIED_DT, MODIFIED_USER_ID, USER_ID, MENU_GROUP_ID)
VALUES('2022-01-01', '0011', '2022-01-01', '0011', '0011', '001COM');
INSERT INTO comusermenugroup
(CREATED_DT, CREATED_USER_ID, MODIFIED_DT, MODIFIED_USER_ID, USER_ID, MENU_GROUP_ID)
VALUES('2022-01-01', '0011', '2022-01-01', '0011', '0011', '001GRP');
INSERT INTO comusermenugroup
(CREATED_DT, CREATED_USER_ID, MODIFIED_DT, MODIFIED_USER_ID, USER_ID, MENU_GROUP_ID)
VALUES('2022-01-01', '0011', '2022-01-01', '0011', '0011', '001HRM');

INSERT INTO comauthority
(CREATED_DT, CREATED_USER_ID, MODIFIED_DT, MODIFIED_USER_ID, AUTH_ID, ORG_CD, AUTH_CD, DESCRIPTION)
VALUES('2022-01-01', '0011', '2022-01-01', '0011', '001ROLE_USER' ,'001', 'ROLE_USER', '기본 로그인 권한');

INSERT INTO comtermdomain 
(DOMAIN_ID,CREATED_APP_URL,CREATED_USER_ID,CREATED_HOST_IP,CREATED_DT,MODIFIED_APP_URL,MODIFIED_USER_ID,MODIFIED_HOST_IP,MODIFIED_DT,DATA_TYPE,DB,DOMAIN_NAME)
VALUES ('MYSQL_명','localhost','0011','local','2022-01-01','localhost','0011','local','2022-01-01','VARCHAR(600)','MYSQL','명');
INSERT INTO comtermdomain 
(DOMAIN_ID,CREATED_APP_URL,CREATED_USER_ID,CREATED_HOST_IP,CREATED_DT,MODIFIED_APP_URL,MODIFIED_USER_ID,MODIFIED_HOST_IP,MODIFIED_DT,DATA_TYPE,DB,DOMAIN_NAME)
VALUES ('MYSQL_내용','localhost','0011','local','2022-01-01','localhost','0011','local','2022-01-01','VARCHAR(3000)','MYSQL','내용');
INSERT INTO comtermdomain 
(DOMAIN_ID,CREATED_APP_URL,CREATED_USER_ID,CREATED_HOST_IP,CREATED_DT,MODIFIED_APP_URL,MODIFIED_USER_ID,MODIFIED_HOST_IP,MODIFIED_DT,DATA_TYPE,DB,DOMAIN_NAME)
VALUES ('MYSQL_시간','localhost','0011','local','2022-01-01','localhost','0011','local','2022-01-01','DECIMAL(15,5)','MYSQL','시간');
INSERT INTO comtermdomain 
(DOMAIN_ID,CREATED_APP_URL,CREATED_USER_ID,CREATED_HOST_IP,CREATED_DT,MODIFIED_APP_URL,MODIFIED_USER_ID,MODIFIED_HOST_IP,MODIFIED_DT,DATA_TYPE,DB,DOMAIN_NAME)
VALUES ('MYSQL_금액','localhost','0011','local','2022-01-01','localhost','0011','local','2022-01-01','BIGINT','MYSQL','금액');
INSERT INTO comtermdomain 
(DOMAIN_ID,CREATED_APP_URL,CREATED_USER_ID,CREATED_HOST_IP,CREATED_DT,MODIFIED_APP_URL,MODIFIED_USER_ID,MODIFIED_HOST_IP,MODIFIED_DT,DATA_TYPE,DB,DOMAIN_NAME)
VALUES ('MYSQL_일자','localhost','0011','local','2022-01-01','localhost','0011','local','2022-01-01','DATE','MYSQL','일자');
INSERT INTO comtermdomain 
(DOMAIN_ID,CREATED_APP_URL,CREATED_USER_ID,CREATED_HOST_IP,CREATED_DT,MODIFIED_APP_URL,MODIFIED_USER_ID,MODIFIED_HOST_IP,MODIFIED_DT,DATA_TYPE,DB,DOMAIN_NAME)
VALUES ('MYSQL_일시','localhost','0011','local','2022-01-01','localhost','0011','local','2022-01-01','DATETIME','MYSQL','일시');

INSERT INTO HRMCODETYPE
(TYPE_ID,CREATED_APP_URL,CREATED_USER_ID,CREATED_HOST_IP,CREATED_DT,MODIFIED_APP_URL,MODIFIED_USER_ID,MODIFIED_HOST_IP,MODIFIED_DT,CMT,TYPE_NM,PRT_SEQ)
VALUES('HR0000','localhost','0011','local','2022-01-01','localhost','0011','local','2022-01-01',null,'발령분류','0');
INSERT INTO HRMCODETYPE
(TYPE_ID,CREATED_APP_URL,CREATED_USER_ID,CREATED_HOST_IP,CREATED_DT,MODIFIED_APP_URL,MODIFIED_USER_ID,MODIFIED_HOST_IP,MODIFIED_DT,CMT,TYPE_NM,PRT_SEQ)
VALUES('HR0001','localhost','0011','local','2022-01-01','localhost','0011','local','2022-01-01',null,'직군','1');
INSERT INTO HRMCODETYPE
(TYPE_ID,CREATED_APP_URL,CREATED_USER_ID,CREATED_HOST_IP,CREATED_DT,MODIFIED_APP_URL,MODIFIED_USER_ID,MODIFIED_HOST_IP,MODIFIED_DT,CMT,TYPE_NM,PRT_SEQ)
VALUES('HR0002','localhost','0011','local','2022-01-01','localhost','0011','local','2022-01-01',null,'직위','2');
INSERT INTO HRMCODETYPE
(TYPE_ID,CREATED_APP_URL,CREATED_USER_ID,CREATED_HOST_IP,CREATED_DT,MODIFIED_APP_URL,MODIFIED_USER_ID,MODIFIED_HOST_IP,MODIFIED_DT,CMT,TYPE_NM,PRT_SEQ)
VALUES('HR0003','localhost','0011','local','2022-01-01','localhost','0011','local','2022-01-01',null,'직종','3');
INSERT INTO HRMCODETYPE
(TYPE_ID,CREATED_APP_URL,CREATED_USER_ID,CREATED_HOST_IP,CREATED_DT,MODIFIED_APP_URL,MODIFIED_USER_ID,MODIFIED_HOST_IP,MODIFIED_DT,CMT,TYPE_NM,PRT_SEQ)
VALUES('HR0004','localhost','0011','local','2022-01-01','localhost','0011','local','2022-01-01',null,'직급','4');
INSERT INTO HRMCODETYPE
(TYPE_ID,CREATED_APP_URL,CREATED_USER_ID,CREATED_HOST_IP,CREATED_DT,MODIFIED_APP_URL,MODIFIED_USER_ID,MODIFIED_HOST_IP,MODIFIED_DT,CMT,TYPE_NM,PRT_SEQ)
VALUES('HR0005','localhost','0011','local','2022-01-01','localhost','0011','local','2022-01-01',null,'호봉','5');
INSERT INTO HRMCODETYPE
(TYPE_ID,CREATED_APP_URL,CREATED_USER_ID,CREATED_HOST_IP,CREATED_DT,MODIFIED_APP_URL,MODIFIED_USER_ID,MODIFIED_HOST_IP,MODIFIED_DT,CMT,TYPE_NM,PRT_SEQ)
VALUES('HR0006','localhost','0011','local','2022-01-01','localhost','0011','local','2022-01-01',null,'직무','6');
INSERT INTO HRMCODETYPE
(TYPE_ID,CREATED_APP_URL,CREATED_USER_ID,CREATED_HOST_IP,CREATED_DT,MODIFIED_APP_URL,MODIFIED_USER_ID,MODIFIED_HOST_IP,MODIFIED_DT,CMT,TYPE_NM,PRT_SEQ)
VALUES('HR0007','localhost','0011','local','2022-01-01','localhost','0011','local','2022-01-01',null,'직책','7');
INSERT INTO HRMCODETYPE
(TYPE_ID,CREATED_APP_URL,CREATED_USER_ID,CREATED_HOST_IP,CREATED_DT,MODIFIED_APP_URL,MODIFIED_USER_ID,MODIFIED_HOST_IP,MODIFIED_DT,CMT,TYPE_NM,PRT_SEQ)
VALUES('HR0008','localhost','0011','local','2022-01-01','localhost','0011','local','2022-01-01','행정표준코드 참조 https://www.code.go.kr/stdcodesrch/codeAllDownloadL.do','가족관계','8');
INSERT INTO HRMCODETYPE
(TYPE_ID,CREATED_APP_URL,CREATED_USER_ID,CREATED_HOST_IP,CREATED_DT,MODIFIED_APP_URL,MODIFIED_USER_ID,MODIFIED_HOST_IP,MODIFIED_DT,CMT,TYPE_NM,PRT_SEQ)
VALUES('HR0009','localhost','0011','local','2022-01-01','localhost','0011','local','2022-01-01','행정표준코드 참조 https://www.code.go.kr/stdcodesrch/codeAllDownloadL.do','학력','9');
INSERT INTO HRMCODETYPE
(TYPE_ID,CREATED_APP_URL,CREATED_USER_ID,CREATED_HOST_IP,CREATED_DT,MODIFIED_APP_URL,MODIFIED_USER_ID,MODIFIED_HOST_IP,MODIFIED_DT,CMT,TYPE_NM,PRT_SEQ)
VALUES('HR0010','localhost','0011','local','2022-01-01','localhost','0011','local','2022-01-01',null,'학교','10');
INSERT INTO HRMCODETYPE
(TYPE_ID,CREATED_APP_URL,CREATED_USER_ID,CREATED_HOST_IP,CREATED_DT,MODIFIED_APP_URL,MODIFIED_USER_ID,MODIFIED_HOST_IP,MODIFIED_DT,CMT,TYPE_NM,PRT_SEQ)
VALUES('HR0011','localhost','0011','local','2022-01-01','localhost','0011','local','2022-01-01',null,'자격면허','11');
INSERT INTO HRMCODETYPE
(TYPE_ID,CREATED_APP_URL,CREATED_USER_ID,CREATED_HOST_IP,CREATED_DT,MODIFIED_APP_URL,MODIFIED_USER_ID,MODIFIED_HOST_IP,MODIFIED_DT,CMT,TYPE_NM,PRT_SEQ)
VALUES('HR1001','localhost','0011','local','2001-01-01','localhost','0011','local','2001-01-01',null,'근태신청분류','8');

INSERT INTO HRMCODE
(CREATED_DT,CREATED_USER_ID,CREATED_HOST_IP,CREATED_APP_URL,MODIFIED_DT,MODIFIED_USER_ID,MODIFIED_HOST_IP,MODIFIED_APP_URL,TYPE_ID,CODE,CODE_NM,USE_YN,PRT_SEQ,CMT)
VALUES('2022-01-01','0011','local','local','2022-01-01','0011','local','local','HR0000','A01','입사',TRUE,'1',null);
INSERT INTO HRMCODE
(CREATED_DT,CREATED_USER_ID,CREATED_HOST_IP,CREATED_APP_URL,MODIFIED_DT,MODIFIED_USER_ID,MODIFIED_HOST_IP,MODIFIED_APP_URL,TYPE_ID,CODE,CODE_NM,USE_YN,PRT_SEQ,CMT)
VALUES('2022-01-01','0011','local','local','2022-01-01','0011','local','local','HR0000','B01','퇴사',TRUE,'2',null);
INSERT INTO HRMCODE
(CREATED_DT,CREATED_USER_ID,CREATED_HOST_IP,CREATED_APP_URL,MODIFIED_DT,MODIFIED_USER_ID,MODIFIED_HOST_IP,MODIFIED_APP_URL,TYPE_ID,CODE,CODE_NM,USE_YN,PRT_SEQ,CMT)
VALUES('2022-01-01','0011','local','local','2022-01-01','0011','local','local','HR0001','A','A직군',TRUE,'1',null);
INSERT INTO HRMCODE
(CREATED_DT,CREATED_USER_ID,CREATED_HOST_IP,CREATED_APP_URL,MODIFIED_DT,MODIFIED_USER_ID,MODIFIED_HOST_IP,MODIFIED_APP_URL,TYPE_ID,CODE,CODE_NM,USE_YN,PRT_SEQ,CMT)
VALUES('2022-01-01','0011','local','local','2022-01-01','0011','local','local','HR0001','B','B직군',TRUE,'2',null);
INSERT INTO HRMCODE
(CREATED_DT,CREATED_USER_ID,CREATED_HOST_IP,CREATED_APP_URL,MODIFIED_DT,MODIFIED_USER_ID,MODIFIED_HOST_IP,MODIFIED_APP_URL,TYPE_ID,CODE,CODE_NM,USE_YN,PRT_SEQ,CMT)
VALUES('2022-01-01','0011','local','local','2022-01-01','0011','local','local','HR0001','C','C직군',TRUE,'3',null);
INSERT INTO HRMCODE
(CREATED_DT,CREATED_USER_ID,CREATED_HOST_IP,CREATED_APP_URL,MODIFIED_DT,MODIFIED_USER_ID,MODIFIED_HOST_IP,MODIFIED_APP_URL,TYPE_ID,CODE,CODE_NM,USE_YN,PRT_SEQ,CMT)
VALUES('2022-01-01','0011','local','local','2022-01-01','0011','local','local','HR0002','101','사원',TRUE,'1',null);
INSERT INTO HRMCODE
(CREATED_DT,CREATED_USER_ID,CREATED_HOST_IP,CREATED_APP_URL,MODIFIED_DT,MODIFIED_USER_ID,MODIFIED_HOST_IP,MODIFIED_APP_URL,TYPE_ID,CODE,CODE_NM,USE_YN,PRT_SEQ,CMT)
VALUES('2022-01-01','0011','local','local','2022-01-01','0011','local','local','HR0002','102','대리',TRUE,'2',null);
INSERT INTO HRMCODE
(CREATED_DT,CREATED_USER_ID,CREATED_HOST_IP,CREATED_APP_URL,MODIFIED_DT,MODIFIED_USER_ID,MODIFIED_HOST_IP,MODIFIED_APP_URL,TYPE_ID,CODE,CODE_NM,USE_YN,PRT_SEQ,CMT)
VALUES('2022-01-01','0011','local','local','2022-01-01','0011','local','local','HR0002','103','과장',TRUE,'3',null);
INSERT INTO HRMCODE
(CREATED_DT,CREATED_USER_ID,CREATED_HOST_IP,CREATED_APP_URL,MODIFIED_DT,MODIFIED_USER_ID,MODIFIED_HOST_IP,MODIFIED_APP_URL,TYPE_ID,CODE,CODE_NM,USE_YN,PRT_SEQ,CMT)
VALUES('2022-01-01','0011','local','local','2022-01-01','0011','local','local','HR0002','104','차장',TRUE,'4',null);
INSERT INTO HRMCODE
(CREATED_DT,CREATED_USER_ID,CREATED_HOST_IP,CREATED_APP_URL,MODIFIED_DT,MODIFIED_USER_ID,MODIFIED_HOST_IP,MODIFIED_APP_URL,TYPE_ID,CODE,CODE_NM,USE_YN,PRT_SEQ,CMT)
VALUES('2022-01-01','0011','local','local','2022-01-01','0011','local','local','HR0002','105','부장',TRUE,'5',null);
INSERT INTO HRMCODE
(CREATED_DT,CREATED_USER_ID,CREATED_HOST_IP,CREATED_APP_URL,MODIFIED_DT,MODIFIED_USER_ID,MODIFIED_HOST_IP,MODIFIED_APP_URL,TYPE_ID,CODE,CODE_NM,USE_YN,PRT_SEQ,CMT)
VALUES('2022-01-01','0011','local','local','2022-01-01','0011','local','local','HR0003','101','생산직','TRUE','1',null);
INSERT INTO HRMCODE
(CREATED_DT,CREATED_USER_ID,CREATED_HOST_IP,CREATED_APP_URL,MODIFIED_DT,MODIFIED_USER_ID,MODIFIED_HOST_IP,MODIFIED_APP_URL,TYPE_ID,CODE,CODE_NM,USE_YN,PRT_SEQ,CMT)
VALUES('2022-01-01','0011','local','local','2022-01-01','0011','local','local','HR0003','102','사무직','TRUE','2',null);
INSERT INTO HRMCODE
(CREATED_DT,CREATED_USER_ID,CREATED_HOST_IP,CREATED_APP_URL,MODIFIED_DT,MODIFIED_USER_ID,MODIFIED_HOST_IP,MODIFIED_APP_URL,TYPE_ID,CODE,CODE_NM,USE_YN,PRT_SEQ,CMT)
VALUES('2022-01-01','0011','local','local','2022-01-01','0011','local','local','HR0004','A1','1급','TRUE','1',null);
INSERT INTO HRMCODE
(CREATED_DT,CREATED_USER_ID,CREATED_HOST_IP,CREATED_APP_URL,MODIFIED_DT,MODIFIED_USER_ID,MODIFIED_HOST_IP,MODIFIED_APP_URL,TYPE_ID,CODE,CODE_NM,USE_YN,PRT_SEQ,CMT)
VALUES('2022-01-01','0011','local','local','2022-01-01','0011','local','local','HR0004','A2','2급','TRUE','2',null);
INSERT INTO HRMCODE
(CREATED_DT,CREATED_USER_ID,CREATED_HOST_IP,CREATED_APP_URL,MODIFIED_DT,MODIFIED_USER_ID,MODIFIED_HOST_IP,MODIFIED_APP_URL,TYPE_ID,CODE,CODE_NM,USE_YN,PRT_SEQ,CMT)
VALUES('2022-01-01','0011','local','local','2022-01-01','0011','local','local','HR0004','A3','3급','TRUE','3',null);
INSERT INTO HRMCODE
(CREATED_DT,CREATED_USER_ID,CREATED_HOST_IP,CREATED_APP_URL,MODIFIED_DT,MODIFIED_USER_ID,MODIFIED_HOST_IP,MODIFIED_APP_URL,TYPE_ID,CODE,CODE_NM,USE_YN,PRT_SEQ,CMT)
VALUES('2022-01-01','0011','local','local','2022-01-01','0011','local','local','HR0005','01','1호봉','TRUE','1',null);
INSERT INTO HRMCODE
(CREATED_DT,CREATED_USER_ID,CREATED_HOST_IP,CREATED_APP_URL,MODIFIED_DT,MODIFIED_USER_ID,MODIFIED_HOST_IP,MODIFIED_APP_URL,TYPE_ID,CODE,CODE_NM,USE_YN,PRT_SEQ,CMT)
VALUES('2022-01-01','0011','local','local','2022-01-01','0011','local','local','HR0005','02','2호봉','TRUE','2',null);
INSERT INTO HRMCODE
(CREATED_DT,CREATED_USER_ID,CREATED_HOST_IP,CREATED_APP_URL,MODIFIED_DT,MODIFIED_USER_ID,MODIFIED_HOST_IP,MODIFIED_APP_URL,TYPE_ID,CODE,CODE_NM,USE_YN,PRT_SEQ,CMT)
VALUES('2022-01-01','0011','local','local','2022-01-01','0011','local','local','HR0006','1001','사무원','TRUE','0',null);
INSERT INTO HRMCODE
(CREATED_DT,CREATED_USER_ID,CREATED_HOST_IP,CREATED_APP_URL,MODIFIED_DT,MODIFIED_USER_ID,MODIFIED_HOST_IP,MODIFIED_APP_URL,TYPE_ID,CODE,CODE_NM,USE_YN,PRT_SEQ,CMT)
VALUES('2022-01-01','0011','local','local','2022-01-01','0011','local','local','HR0007','101','팀장','TRUE','1',null);
INSERT INTO HRMCODE
(CREATED_DT,CREATED_USER_ID,CREATED_HOST_IP,CREATED_APP_URL,MODIFIED_DT,MODIFIED_USER_ID,MODIFIED_HOST_IP,MODIFIED_APP_URL,TYPE_ID,CODE,CODE_NM,USE_YN,PRT_SEQ,CMT)
VALUES('2022-01-01','0011','local','local','2022-01-01','0011','local','local','HR0008','001', '본인','FALSE','1',null);
INSERT INTO HRMCODE
(CREATED_DT,CREATED_USER_ID,CREATED_HOST_IP,CREATED_APP_URL,MODIFIED_DT,MODIFIED_USER_ID,MODIFIED_HOST_IP,MODIFIED_APP_URL,TYPE_ID,CODE,CODE_NM,USE_YN,PRT_SEQ,CMT)
VALUES('2022-01-01','0011','local','local','2022-01-01','0011','local','local','HR0008','002', '처','TRUE','2',null);
INSERT INTO HRMCODE
(CREATED_DT,CREATED_USER_ID,CREATED_HOST_IP,CREATED_APP_URL,MODIFIED_DT,MODIFIED_USER_ID,MODIFIED_HOST_IP,MODIFIED_APP_URL,TYPE_ID,CODE,CODE_NM,USE_YN,PRT_SEQ,CMT)
VALUES('2022-01-01','0011','local','local','2022-01-01','0011','local','local','HR0008','003', '부','TRUE','3',null);
INSERT INTO HRMCODE
(CREATED_DT,CREATED_USER_ID,CREATED_HOST_IP,CREATED_APP_URL,MODIFIED_DT,MODIFIED_USER_ID,MODIFIED_HOST_IP,MODIFIED_APP_URL,TYPE_ID,CODE,CODE_NM,USE_YN,PRT_SEQ,CMT)
VALUES('2022-01-01','0011','local','local','2022-01-01','0011','local','local','HR0008','004', '모','TRUE','4',null);
INSERT INTO HRMCODE
(CREATED_DT,CREATED_USER_ID,CREATED_HOST_IP,CREATED_APP_URL,MODIFIED_DT,MODIFIED_USER_ID,MODIFIED_HOST_IP,MODIFIED_APP_URL,TYPE_ID,CODE,CODE_NM,USE_YN,PRT_SEQ,CMT)
VALUES('2022-01-01','0011','local','local','2022-01-01','0011','local','local','HR0008','005', '자','TRUE','5',null);
INSERT INTO HRMCODE
(CREATED_DT,CREATED_USER_ID,CREATED_HOST_IP,CREATED_APP_URL,MODIFIED_DT,MODIFIED_USER_ID,MODIFIED_HOST_IP,MODIFIED_APP_URL,TYPE_ID,CODE,CODE_NM,USE_YN,PRT_SEQ,CMT)
VALUES('2022-01-01','0011','local','local','2022-01-01','0011','local','local','HR0008','006', '자부','TRUE','6',null);
INSERT INTO HRMCODE
(CREATED_DT,CREATED_USER_ID,CREATED_HOST_IP,CREATED_APP_URL,MODIFIED_DT,MODIFIED_USER_ID,MODIFIED_HOST_IP,MODIFIED_APP_URL,TYPE_ID,CODE,CODE_NM,USE_YN,PRT_SEQ,CMT)
VALUES('2022-01-01','0011','local','local','2022-01-01','0011','local','local','HR0008','007', '남편','TRUE','7',null);
INSERT INTO HRMCODE
(CREATED_DT,CREATED_USER_ID,CREATED_HOST_IP,CREATED_APP_URL,MODIFIED_DT,MODIFIED_USER_ID,MODIFIED_HOST_IP,MODIFIED_APP_URL,TYPE_ID,CODE,CODE_NM,USE_YN,PRT_SEQ,CMT)
VALUES('2022-01-01','0011','local','local','2022-01-01','0011','local','local','HR0008','008', '사위','TRUE','8',null);
INSERT INTO HRMCODE
(CREATED_DT,CREATED_USER_ID,CREATED_HOST_IP,CREATED_APP_URL,MODIFIED_DT,MODIFIED_USER_ID,MODIFIED_HOST_IP,MODIFIED_APP_URL,TYPE_ID,CODE,CODE_NM,USE_YN,PRT_SEQ,CMT)
VALUES('2022-01-01','0011','local','local','2022-01-01','0011','local','local','HR0008','010', '시부','TRUE','10',null);
INSERT INTO HRMCODE
(CREATED_DT,CREATED_USER_ID,CREATED_HOST_IP,CREATED_APP_URL,MODIFIED_DT,MODIFIED_USER_ID,MODIFIED_HOST_IP,MODIFIED_APP_URL,TYPE_ID,CODE,CODE_NM,USE_YN,PRT_SEQ,CMT)
VALUES('2022-01-01','0011','local','local','2022-01-01','0011','local','local','HR0008','011', '시모','TRUE','10',null);
INSERT INTO HRMCODE
(CREATED_DT,CREATED_USER_ID,CREATED_HOST_IP,CREATED_APP_URL,MODIFIED_DT,MODIFIED_USER_ID,MODIFIED_HOST_IP,MODIFIED_APP_URL,TYPE_ID,CODE,CODE_NM,USE_YN,PRT_SEQ,CMT)
VALUES('2022-01-01','0011','local','local','2022-01-01','0011','local','local','HR0008','012', '장인','TRUE','11',null);
INSERT INTO HRMCODE
(CREATED_DT,CREATED_USER_ID,CREATED_HOST_IP,CREATED_APP_URL,MODIFIED_DT,MODIFIED_USER_ID,MODIFIED_HOST_IP,MODIFIED_APP_URL,TYPE_ID,CODE,CODE_NM,USE_YN,PRT_SEQ,CMT)
VALUES('2022-01-01','0011','local','local','2022-01-01','0011','local','local','HR0008','013', '장모','TRUE','12',null);
INSERT INTO HRMCODE
(CREATED_DT,CREATED_USER_ID,CREATED_HOST_IP,CREATED_APP_URL,MODIFIED_DT,MODIFIED_USER_ID,MODIFIED_HOST_IP,MODIFIED_APP_URL,TYPE_ID,CODE,CODE_NM,USE_YN,PRT_SEQ,CMT)
VALUES('2022-01-01','0011','local','local','2022-01-01','0011','local','local','HR0008','014', '백부','TRUE','13',null);
INSERT INTO HRMCODE
(CREATED_DT,CREATED_USER_ID,CREATED_HOST_IP,CREATED_APP_URL,MODIFIED_DT,MODIFIED_USER_ID,MODIFIED_HOST_IP,MODIFIED_APP_URL,TYPE_ID,CODE,CODE_NM,USE_YN,PRT_SEQ,CMT)
VALUES('2022-01-01','0011','local','local','2022-01-01','0011','local','local','HR0008','015', '백모','TRUE','14',null);
INSERT INTO HRMCODE
(CREATED_DT,CREATED_USER_ID,CREATED_HOST_IP,CREATED_APP_URL,MODIFIED_DT,MODIFIED_USER_ID,MODIFIED_HOST_IP,MODIFIED_APP_URL,TYPE_ID,CODE,CODE_NM,USE_YN,PRT_SEQ,CMT)
VALUES('2022-01-01','0011','local','local','2022-01-01','0011','local','local','HR0008','016', '숙부','TRUE','15',null);
INSERT INTO HRMCODE
(CREATED_DT,CREATED_USER_ID,CREATED_HOST_IP,CREATED_APP_URL,MODIFIED_DT,MODIFIED_USER_ID,MODIFIED_HOST_IP,MODIFIED_APP_URL,TYPE_ID,CODE,CODE_NM,USE_YN,PRT_SEQ,CMT)
VALUES('2022-01-01','0011','local','local','2022-01-01','0011','local','local','HR0008','017', '숙모','TRUE','16',null);
INSERT INTO HRMCODE
(CREATED_DT,CREATED_USER_ID,CREATED_HOST_IP,CREATED_APP_URL,MODIFIED_DT,MODIFIED_USER_ID,MODIFIED_HOST_IP,MODIFIED_APP_URL,TYPE_ID,CODE,CODE_NM,USE_YN,PRT_SEQ,CMT)
VALUES('2022-01-01','0011','local','local','2022-01-01','0011','local','local','HR0008','018', '양부','TRUE','17',null);
INSERT INTO HRMCODE
(CREATED_DT,CREATED_USER_ID,CREATED_HOST_IP,CREATED_APP_URL,MODIFIED_DT,MODIFIED_USER_ID,MODIFIED_HOST_IP,MODIFIED_APP_URL,TYPE_ID,CODE,CODE_NM,USE_YN,PRT_SEQ,CMT)
VALUES('2022-01-01','0011','local','local','2022-01-01','0011','local','local','HR0008','019', '양모','TRUE','18',null);
INSERT INTO HRMCODE
(CREATED_DT,CREATED_USER_ID,CREATED_HOST_IP,CREATED_APP_URL,MODIFIED_DT,MODIFIED_USER_ID,MODIFIED_HOST_IP,MODIFIED_APP_URL,TYPE_ID,CODE,CODE_NM,USE_YN,PRT_SEQ,CMT)
VALUES('2022-01-01','0011','local','local','2022-01-01','0011','local','local','HR0008','020', '형','TRUE','20',null);
INSERT INTO HRMCODE
(CREATED_DT,CREATED_USER_ID,CREATED_HOST_IP,CREATED_APP_URL,MODIFIED_DT,MODIFIED_USER_ID,MODIFIED_HOST_IP,MODIFIED_APP_URL,TYPE_ID,CODE,CODE_NM,USE_YN,PRT_SEQ,CMT)
VALUES('2022-01-01','0011','local','local','2022-01-01','0011','local','local','HR0008','021', '형수','TRUE','21',null);
INSERT INTO HRMCODE
(CREATED_DT,CREATED_USER_ID,CREATED_HOST_IP,CREATED_APP_URL,MODIFIED_DT,MODIFIED_USER_ID,MODIFIED_HOST_IP,MODIFIED_APP_URL,TYPE_ID,CODE,CODE_NM,USE_YN,PRT_SEQ,CMT)
VALUES('2022-01-01','0011','local','local','2022-01-01','0011','local','local','HR0008','022', '제','TRUE','22',null);
INSERT INTO HRMCODE
(CREATED_DT,CREATED_USER_ID,CREATED_HOST_IP,CREATED_APP_URL,MODIFIED_DT,MODIFIED_USER_ID,MODIFIED_HOST_IP,MODIFIED_APP_URL,TYPE_ID,CODE,CODE_NM,USE_YN,PRT_SEQ,CMT)
VALUES('2022-01-01','0011','local','local','2022-01-01','0011','local','local','HR0008','023', '제수','TRUE','23',null);
INSERT INTO HRMCODE
(CREATED_DT,CREATED_USER_ID,CREATED_HOST_IP,CREATED_APP_URL,MODIFIED_DT,MODIFIED_USER_ID,MODIFIED_HOST_IP,MODIFIED_APP_URL,TYPE_ID,CODE,CODE_NM,USE_YN,PRT_SEQ,CMT)
VALUES('2022-01-01','0011','local','local','2022-01-01','0011','local','local','HR0008','024', '시숙','TRUE','24',null);
INSERT INTO HRMCODE
(CREATED_DT,CREATED_USER_ID,CREATED_HOST_IP,CREATED_APP_URL,MODIFIED_DT,MODIFIED_USER_ID,MODIFIED_HOST_IP,MODIFIED_APP_URL,TYPE_ID,CODE,CODE_NM,USE_YN,PRT_SEQ,CMT)
VALUES('2022-01-01','0011','local','local','2022-01-01','0011','local','local','HR0008','025', '올케','TRUE','25',null);
INSERT INTO HRMCODE
(CREATED_DT,CREATED_USER_ID,CREATED_HOST_IP,CREATED_APP_URL,MODIFIED_DT,MODIFIED_USER_ID,MODIFIED_HOST_IP,MODIFIED_APP_URL,TYPE_ID,CODE,CODE_NM,USE_YN,PRT_SEQ,CMT)
VALUES('2022-01-01','0011','local','local','2022-01-01','0011','local','local','HR0008','026', '종형','TRUE','26',null);
INSERT INTO HRMCODE
(CREATED_DT,CREATED_USER_ID,CREATED_HOST_IP,CREATED_APP_URL,MODIFIED_DT,MODIFIED_USER_ID,MODIFIED_HOST_IP,MODIFIED_APP_URL,TYPE_ID,CODE,CODE_NM,USE_YN,PRT_SEQ,CMT)
VALUES('2022-01-01','0011','local','local','2022-01-01','0011','local','local','HR0008','027', '종형수','TRUE','27',null);
INSERT INTO HRMCODE
(CREATED_DT,CREATED_USER_ID,CREATED_HOST_IP,CREATED_APP_URL,MODIFIED_DT,MODIFIED_USER_ID,MODIFIED_HOST_IP,MODIFIED_APP_URL,TYPE_ID,CODE,CODE_NM,USE_YN,PRT_SEQ,CMT)
VALUES('2022-01-01','0011','local','local','2022-01-01','0011','local','local','HR0008','028', '종제','TRUE','28',null);
INSERT INTO HRMCODE
(CREATED_DT,CREATED_USER_ID,CREATED_HOST_IP,CREATED_APP_URL,MODIFIED_DT,MODIFIED_USER_ID,MODIFIED_HOST_IP,MODIFIED_APP_URL,TYPE_ID,CODE,CODE_NM,USE_YN,PRT_SEQ,CMT)
VALUES('2022-01-01','0011','local','local','2022-01-01','0011','local','local','HR0008','029', '종제수','TRUE','29',null);
INSERT INTO HRMCODE
(CREATED_DT,CREATED_USER_ID,CREATED_HOST_IP,CREATED_APP_URL,MODIFIED_DT,MODIFIED_USER_ID,MODIFIED_HOST_IP,MODIFIED_APP_URL,TYPE_ID,CODE,CODE_NM,USE_YN,PRT_SEQ,CMT)
VALUES('2022-01-01','0011','local','local','2022-01-01','0011','local','local','HR0008','030', '누이','TRUE','30',null);
INSERT INTO HRMCODE
(CREATED_DT,CREATED_USER_ID,CREATED_HOST_IP,CREATED_APP_URL,MODIFIED_DT,MODIFIED_USER_ID,MODIFIED_HOST_IP,MODIFIED_APP_URL,TYPE_ID,CODE,CODE_NM,USE_YN,PRT_SEQ,CMT)
VALUES('2022-01-01','0011','local','local','2022-01-01','0011','local','local','HR0008','031', '형부','TRUE','31',null);
INSERT INTO HRMCODE
(CREATED_DT,CREATED_USER_ID,CREATED_HOST_IP,CREATED_APP_URL,MODIFIED_DT,MODIFIED_USER_ID,MODIFIED_HOST_IP,MODIFIED_APP_URL,TYPE_ID,CODE,CODE_NM,USE_YN,PRT_SEQ,CMT)
VALUES('2022-01-01','0011','local','local','2022-01-01','0011','local','local','HR0008','032', '매','TRUE','32',null);
INSERT INTO HRMCODE
(CREATED_DT,CREATED_USER_ID,CREATED_HOST_IP,CREATED_APP_URL,MODIFIED_DT,MODIFIED_USER_ID,MODIFIED_HOST_IP,MODIFIED_APP_URL,TYPE_ID,CODE,CODE_NM,USE_YN,PRT_SEQ,CMT)
VALUES('2022-01-01','0011','local','local','2022-01-01','0011','local','local','HR0008','033', '매부','TRUE','33',null);
INSERT INTO HRMCODE
(CREATED_DT,CREATED_USER_ID,CREATED_HOST_IP,CREATED_APP_URL,MODIFIED_DT,MODIFIED_USER_ID,MODIFIED_HOST_IP,MODIFIED_APP_URL,TYPE_ID,CODE,CODE_NM,USE_YN,PRT_SEQ,CMT)
VALUES('2022-01-01','0011','local','local','2022-01-01','0011','local','local','HR0008','034', '시누이','TRUE','34',null);
INSERT INTO HRMCODE
(CREATED_DT,CREATED_USER_ID,CREATED_HOST_IP,CREATED_APP_URL,MODIFIED_DT,MODIFIED_USER_ID,MODIFIED_HOST_IP,MODIFIED_APP_URL,TYPE_ID,CODE,CODE_NM,USE_YN,PRT_SEQ,CMT)
VALUES('2022-01-01','0011','local','local','2022-01-01','0011','local','local','HR0008','035', '종매','TRUE','35',null);
INSERT INTO HRMCODE
(CREATED_DT,CREATED_USER_ID,CREATED_HOST_IP,CREATED_APP_URL,MODIFIED_DT,MODIFIED_USER_ID,MODIFIED_HOST_IP,MODIFIED_APP_URL,TYPE_ID,CODE,CODE_NM,USE_YN,PRT_SEQ,CMT)
VALUES('2022-01-01','0011','local','local','2022-01-01','0011','local','local','HR0008','036', '종매부','TRUE','36',null);
INSERT INTO HRMCODE
(CREATED_DT,CREATED_USER_ID,CREATED_HOST_IP,CREATED_APP_URL,MODIFIED_DT,MODIFIED_USER_ID,MODIFIED_HOST_IP,MODIFIED_APP_URL,TYPE_ID,CODE,CODE_NM,USE_YN,PRT_SEQ,CMT)
VALUES('2022-01-01','0011','local','local','2022-01-01','0011','local','local','HR0008','037', '제부','TRUE','37',null);
INSERT INTO HRMCODE
(CREATED_DT,CREATED_USER_ID,CREATED_HOST_IP,CREATED_APP_URL,MODIFIED_DT,MODIFIED_USER_ID,MODIFIED_HOST_IP,MODIFIED_APP_URL,TYPE_ID,CODE,CODE_NM,USE_YN,PRT_SEQ,CMT)
VALUES('2022-01-01','0011','local','local','2022-01-01','0011','local','local','HR0008','038', '조카','TRUE','38',null);
INSERT INTO HRMCODE
(CREATED_DT,CREATED_USER_ID,CREATED_HOST_IP,CREATED_APP_URL,MODIFIED_DT,MODIFIED_USER_ID,MODIFIED_HOST_IP,MODIFIED_APP_URL,TYPE_ID,CODE,CODE_NM,USE_YN,PRT_SEQ,CMT)
VALUES('2022-01-01','0011','local','local','2022-01-01','0011','local','local','HR0008','039', '동서','TRUE','39',null);
INSERT INTO HRMCODE
(CREATED_DT,CREATED_USER_ID,CREATED_HOST_IP,CREATED_APP_URL,MODIFIED_DT,MODIFIED_USER_ID,MODIFIED_HOST_IP,MODIFIED_APP_URL,TYPE_ID,CODE,CODE_NM,USE_YN,PRT_SEQ,CMT)
VALUES('2022-01-01','0011','local','local','2022-01-01','0011','local','local','HR0008','040', '손','TRUE','40',null);
INSERT INTO HRMCODE
(CREATED_DT,CREATED_USER_ID,CREATED_HOST_IP,CREATED_APP_URL,MODIFIED_DT,MODIFIED_USER_ID,MODIFIED_HOST_IP,MODIFIED_APP_URL,TYPE_ID,CODE,CODE_NM,USE_YN,PRT_SEQ,CMT)
VALUES('2022-01-01','0011','local','local','2022-01-01','0011','local','local','HR0008','041', '손부','TRUE','41',null);
INSERT INTO HRMCODE
(CREATED_DT,CREATED_USER_ID,CREATED_HOST_IP,CREATED_APP_URL,MODIFIED_DT,MODIFIED_USER_ID,MODIFIED_HOST_IP,MODIFIED_APP_URL,TYPE_ID,CODE,CODE_NM,USE_YN,PRT_SEQ,CMT)
VALUES('2022-01-01','0011','local','local','2022-01-01','0011','local','local','HR0008','042', '손서','TRUE','42',null);
INSERT INTO HRMCODE
(CREATED_DT,CREATED_USER_ID,CREATED_HOST_IP,CREATED_APP_URL,MODIFIED_DT,MODIFIED_USER_ID,MODIFIED_HOST_IP,MODIFIED_APP_URL,TYPE_ID,CODE,CODE_NM,USE_YN,PRT_SEQ,CMT)
VALUES('2022-01-01','0011','local','local','2022-01-01','0011','local','local','HR0008','043', '증손','TRUE','43',null);
INSERT INTO HRMCODE
(CREATED_DT,CREATED_USER_ID,CREATED_HOST_IP,CREATED_APP_URL,MODIFIED_DT,MODIFIED_USER_ID,MODIFIED_HOST_IP,MODIFIED_APP_URL,TYPE_ID,CODE,CODE_NM,USE_YN,PRT_SEQ,CMT)
VALUES('2022-01-01','0011','local','local','2022-01-01','0011','local','local','HR0008','044', '증손부','TRUE','44',null);
INSERT INTO HRMCODE
(CREATED_DT,CREATED_USER_ID,CREATED_HOST_IP,CREATED_APP_URL,MODIFIED_DT,MODIFIED_USER_ID,MODIFIED_HOST_IP,MODIFIED_APP_URL,TYPE_ID,CODE,CODE_NM,USE_YN,PRT_SEQ,CMT)
VALUES('2022-01-01','0011','local','local','2022-01-01','0011','local','local','HR0008','045', '고손','TRUE','45',null);
INSERT INTO HRMCODE
(CREATED_DT,CREATED_USER_ID,CREATED_HOST_IP,CREATED_APP_URL,MODIFIED_DT,MODIFIED_USER_ID,MODIFIED_HOST_IP,MODIFIED_APP_URL,TYPE_ID,CODE,CODE_NM,USE_YN,PRT_SEQ,CMT)
VALUES('2022-01-01','0011','local','local','2022-01-01','0011','local','local','HR0008','046', '고손부','TRUE','46',null);
INSERT INTO HRMCODE
(CREATED_DT,CREATED_USER_ID,CREATED_HOST_IP,CREATED_APP_URL,MODIFIED_DT,MODIFIED_USER_ID,MODIFIED_HOST_IP,MODIFIED_APP_URL,TYPE_ID,CODE,CODE_NM,USE_YN,PRT_SEQ,CMT)
VALUES('2022-01-01','0011','local','local','2022-01-01','0011','local','local','HR0008','047', '고종','TRUE','47',null);
INSERT INTO HRMCODE
(CREATED_DT,CREATED_USER_ID,CREATED_HOST_IP,CREATED_APP_URL,MODIFIED_DT,MODIFIED_USER_ID,MODIFIED_HOST_IP,MODIFIED_APP_URL,TYPE_ID,CODE,CODE_NM,USE_YN,PRT_SEQ,CMT)
VALUES('2022-01-01','0011','local','local','2022-01-01','0011','local','local','HR0008','048', '오빠','TRUE','48',null);
INSERT INTO HRMCODE
(CREATED_DT,CREATED_USER_ID,CREATED_HOST_IP,CREATED_APP_URL,MODIFIED_DT,MODIFIED_USER_ID,MODIFIED_HOST_IP,MODIFIED_APP_URL,TYPE_ID,CODE,CODE_NM,USE_YN,PRT_SEQ,CMT)
VALUES('2022-01-01','0011','local','local','2022-01-01','0011','local','local','HR0008','049', '언니','TRUE','49',null);
INSERT INTO HRMCODE
(CREATED_DT,CREATED_USER_ID,CREATED_HOST_IP,CREATED_APP_URL,MODIFIED_DT,MODIFIED_USER_ID,MODIFIED_HOST_IP,MODIFIED_APP_URL,TYPE_ID,CODE,CODE_NM,USE_YN,PRT_SEQ,CMT)
VALUES('2022-01-01','0011','local','local','2022-01-01','0011','local','local','HR0008','050', '조부','TRUE','50',null);
INSERT INTO HRMCODE
(CREATED_DT,CREATED_USER_ID,CREATED_HOST_IP,CREATED_APP_URL,MODIFIED_DT,MODIFIED_USER_ID,MODIFIED_HOST_IP,MODIFIED_APP_URL,TYPE_ID,CODE,CODE_NM,USE_YN,PRT_SEQ,CMT)
VALUES('2022-01-01','0011','local','local','2022-01-01','0011','local','local','HR0008','051', '조모','TRUE','51',null);
INSERT INTO HRMCODE
(CREATED_DT,CREATED_USER_ID,CREATED_HOST_IP,CREATED_APP_URL,MODIFIED_DT,MODIFIED_USER_ID,MODIFIED_HOST_IP,MODIFIED_APP_URL,TYPE_ID,CODE,CODE_NM,USE_YN,PRT_SEQ,CMT)
VALUES('2022-01-01','0011','local','local','2022-01-01','0011','local','local','HR0008','052', '시조부','TRUE','52',null);
INSERT INTO HRMCODE
(CREATED_DT,CREATED_USER_ID,CREATED_HOST_IP,CREATED_APP_URL,MODIFIED_DT,MODIFIED_USER_ID,MODIFIED_HOST_IP,MODIFIED_APP_URL,TYPE_ID,CODE,CODE_NM,USE_YN,PRT_SEQ,CMT)
VALUES('2022-01-01','0011','local','local','2022-01-01','0011','local','local','HR0008','053', '시조모','TRUE','53',null);
INSERT INTO HRMCODE
(CREATED_DT,CREATED_USER_ID,CREATED_HOST_IP,CREATED_APP_URL,MODIFIED_DT,MODIFIED_USER_ID,MODIFIED_HOST_IP,MODIFIED_APP_URL,TYPE_ID,CODE,CODE_NM,USE_YN,PRT_SEQ,CMT)
VALUES('2022-01-01','0011','local','local','2022-01-01','0011','local','local','HR0008','054', '증조부','TRUE','54',null);
INSERT INTO HRMCODE
(CREATED_DT,CREATED_USER_ID,CREATED_HOST_IP,CREATED_APP_URL,MODIFIED_DT,MODIFIED_USER_ID,MODIFIED_HOST_IP,MODIFIED_APP_URL,TYPE_ID,CODE,CODE_NM,USE_YN,PRT_SEQ,CMT)
VALUES('2022-01-01','0011','local','local','2022-01-01','0011','local','local','HR0008','055', '증조모','TRUE','55',null);
INSERT INTO HRMCODE
(CREATED_DT,CREATED_USER_ID,CREATED_HOST_IP,CREATED_APP_URL,MODIFIED_DT,MODIFIED_USER_ID,MODIFIED_HOST_IP,MODIFIED_APP_URL,TYPE_ID,CODE,CODE_NM,USE_YN,PRT_SEQ,CMT)
VALUES('2022-01-01','0011','local','local','2022-01-01','0011','local','local','HR0008','056', '고조부','TRUE','56',null);
INSERT INTO HRMCODE
(CREATED_DT,CREATED_USER_ID,CREATED_HOST_IP,CREATED_APP_URL,MODIFIED_DT,MODIFIED_USER_ID,MODIFIED_HOST_IP,MODIFIED_APP_URL,TYPE_ID,CODE,CODE_NM,USE_YN,PRT_SEQ,CMT)
VALUES('2022-01-01','0011','local','local','2022-01-01','0011','local','local','HR0008','057', '고조모','TRUE','57',null);
INSERT INTO HRMCODE
(CREATED_DT,CREATED_USER_ID,CREATED_HOST_IP,CREATED_APP_URL,MODIFIED_DT,MODIFIED_USER_ID,MODIFIED_HOST_IP,MODIFIED_APP_URL,TYPE_ID,CODE,CODE_NM,USE_YN,PRT_SEQ,CMT)
VALUES('2022-01-01','0011','local','local','2022-01-01','0011','local','local','HR0008','058', '장조부','TRUE','58',null);
INSERT INTO HRMCODE
(CREATED_DT,CREATED_USER_ID,CREATED_HOST_IP,CREATED_APP_URL,MODIFIED_DT,MODIFIED_USER_ID,MODIFIED_HOST_IP,MODIFIED_APP_URL,TYPE_ID,CODE,CODE_NM,USE_YN,PRT_SEQ,CMT)
VALUES('2022-01-01','0011','local','local','2022-01-01','0011','local','local','HR0008','059', '장조모','TRUE','59',null);
INSERT INTO HRMCODE
(CREATED_DT,CREATED_USER_ID,CREATED_HOST_IP,CREATED_APP_URL,MODIFIED_DT,MODIFIED_USER_ID,MODIFIED_HOST_IP,MODIFIED_APP_URL,TYPE_ID,CODE,CODE_NM,USE_YN,PRT_SEQ,CMT)
VALUES('2022-01-01','0011','local','local','2022-01-01','0011','local','local','HR0008','060', '고모','TRUE','60',null);
INSERT INTO HRMCODE
(CREATED_DT,CREATED_USER_ID,CREATED_HOST_IP,CREATED_APP_URL,MODIFIED_DT,MODIFIED_USER_ID,MODIFIED_HOST_IP,MODIFIED_APP_URL,TYPE_ID,CODE,CODE_NM,USE_YN,PRT_SEQ,CMT)
VALUES('2022-01-01','0011','local','local','2022-01-01','0011','local','local','HR0008','061', '고모부','TRUE','61',null);
INSERT INTO HRMCODE
(CREATED_DT,CREATED_USER_ID,CREATED_HOST_IP,CREATED_APP_URL,MODIFIED_DT,MODIFIED_USER_ID,MODIFIED_HOST_IP,MODIFIED_APP_URL,TYPE_ID,CODE,CODE_NM,USE_YN,PRT_SEQ,CMT)
VALUES('2022-01-01','0011','local','local','2022-01-01','0011','local','local','HR0008','062', '대고모','TRUE','62',null);
INSERT INTO HRMCODE
(CREATED_DT,CREATED_USER_ID,CREATED_HOST_IP,CREATED_APP_URL,MODIFIED_DT,MODIFIED_USER_ID,MODIFIED_HOST_IP,MODIFIED_APP_URL,TYPE_ID,CODE,CODE_NM,USE_YN,PRT_SEQ,CMT)
VALUES('2022-01-01','0011','local','local','2022-01-01','0011','local','local','HR0008','063', '당숙','TRUE','63',null);
INSERT INTO HRMCODE
(CREATED_DT,CREATED_USER_ID,CREATED_HOST_IP,CREATED_APP_URL,MODIFIED_DT,MODIFIED_USER_ID,MODIFIED_HOST_IP,MODIFIED_APP_URL,TYPE_ID,CODE,CODE_NM,USE_YN,PRT_SEQ,CMT)
VALUES('2022-01-01','0011','local','local','2022-01-01','0011','local','local','HR0008','064', '당숙모','TRUE','64',null);
INSERT INTO HRMCODE
(CREATED_DT,CREATED_USER_ID,CREATED_HOST_IP,CREATED_APP_URL,MODIFIED_DT,MODIFIED_USER_ID,MODIFIED_HOST_IP,MODIFIED_APP_URL,TYPE_ID,CODE,CODE_NM,USE_YN,PRT_SEQ,CMT)
VALUES('2022-01-01','0011','local','local','2022-01-01','0011','local','local','HR0008','065', '서모','TRUE','65',null);
INSERT INTO HRMCODE
(CREATED_DT,CREATED_USER_ID,CREATED_HOST_IP,CREATED_APP_URL,MODIFIED_DT,MODIFIED_USER_ID,MODIFIED_HOST_IP,MODIFIED_APP_URL,TYPE_ID,CODE,CODE_NM,USE_YN,PRT_SEQ,CMT)
VALUES('2022-01-01','0011','local','local','2022-01-01','0011','local','local','HR0008','066', '서조모','TRUE','66',null);
INSERT INTO HRMCODE
(CREATED_DT,CREATED_USER_ID,CREATED_HOST_IP,CREATED_APP_URL,MODIFIED_DT,MODIFIED_USER_ID,MODIFIED_HOST_IP,MODIFIED_APP_URL,TYPE_ID,CODE,CODE_NM,USE_YN,PRT_SEQ,CMT)
VALUES('2022-01-01','0011','local','local','2022-01-01','0011','local','local','HR0008','067', '이질','TRUE','67',null);
INSERT INTO HRMCODE
(CREATED_DT,CREATED_USER_ID,CREATED_HOST_IP,CREATED_APP_URL,MODIFIED_DT,MODIFIED_USER_ID,MODIFIED_HOST_IP,MODIFIED_APP_URL,TYPE_ID,CODE,CODE_NM,USE_YN,PRT_SEQ,CMT)
VALUES('2022-01-01','0011','local','local','2022-01-01','0011','local','local','HR0008','068', '당질','TRUE','68',null);
INSERT INTO HRMCODE
(CREATED_DT,CREATED_USER_ID,CREATED_HOST_IP,CREATED_APP_URL,MODIFIED_DT,MODIFIED_USER_ID,MODIFIED_HOST_IP,MODIFIED_APP_URL,TYPE_ID,CODE,CODE_NM,USE_YN,PRT_SEQ,CMT)
VALUES('2022-01-01','0011','local','local','2022-01-01','0011','local','local','HR0008','069', '질부','TRUE','69',null);
INSERT INTO HRMCODE
(CREATED_DT,CREATED_USER_ID,CREATED_HOST_IP,CREATED_APP_URL,MODIFIED_DT,MODIFIED_USER_ID,MODIFIED_HOST_IP,MODIFIED_APP_URL,TYPE_ID,CODE,CODE_NM,USE_YN,PRT_SEQ,CMT)
VALUES('2022-01-01','0011','local','local','2022-01-01','0011','local','local','HR0008','070', '외숙','TRUE','70',null);
INSERT INTO HRMCODE
(CREATED_DT,CREATED_USER_ID,CREATED_HOST_IP,CREATED_APP_URL,MODIFIED_DT,MODIFIED_USER_ID,MODIFIED_HOST_IP,MODIFIED_APP_URL,TYPE_ID,CODE,CODE_NM,USE_YN,PRT_SEQ,CMT)
VALUES('2022-01-01','0011','local','local','2022-01-01','0011','local','local','HR0008','071', '외숙모','TRUE','71',null);
INSERT INTO HRMCODE
(CREATED_DT,CREATED_USER_ID,CREATED_HOST_IP,CREATED_APP_URL,MODIFIED_DT,MODIFIED_USER_ID,MODIFIED_HOST_IP,MODIFIED_APP_URL,TYPE_ID,CODE,CODE_NM,USE_YN,PRT_SEQ,CMT)
VALUES('2022-01-01','0011','local','local','2022-01-01','0011','local','local','HR0008','072', '외종','TRUE','72',null);
INSERT INTO HRMCODE
(CREATED_DT,CREATED_USER_ID,CREATED_HOST_IP,CREATED_APP_URL,MODIFIED_DT,MODIFIED_USER_ID,MODIFIED_HOST_IP,MODIFIED_APP_URL,TYPE_ID,CODE,CODE_NM,USE_YN,PRT_SEQ,CMT)
VALUES('2022-01-01','0011','local','local','2022-01-01','0011','local','local','HR0008','073', '이모','TRUE','73',null);
INSERT INTO HRMCODE
(CREATED_DT,CREATED_USER_ID,CREATED_HOST_IP,CREATED_APP_URL,MODIFIED_DT,MODIFIED_USER_ID,MODIFIED_HOST_IP,MODIFIED_APP_URL,TYPE_ID,CODE,CODE_NM,USE_YN,PRT_SEQ,CMT)
VALUES('2022-01-01','0011','local','local','2022-01-01','0011','local','local','HR0008','074', '이모부','TRUE','74',null);
INSERT INTO HRMCODE
(CREATED_DT,CREATED_USER_ID,CREATED_HOST_IP,CREATED_APP_URL,MODIFIED_DT,MODIFIED_USER_ID,MODIFIED_HOST_IP,MODIFIED_APP_URL,TYPE_ID,CODE,CODE_NM,USE_YN,PRT_SEQ,CMT)
VALUES('2022-01-01','0011','local','local','2022-01-01','0011','local','local','HR0008','075', '이종','TRUE','75',null);
INSERT INTO HRMCODE
(CREATED_DT,CREATED_USER_ID,CREATED_HOST_IP,CREATED_APP_URL,MODIFIED_DT,MODIFIED_USER_ID,MODIFIED_HOST_IP,MODIFIED_APP_URL,TYPE_ID,CODE,CODE_NM,USE_YN,PRT_SEQ,CMT)
VALUES('2022-01-01','0011','local','local','2022-01-01','0011','local','local','HR0008','076', '외손','TRUE','76',null);
INSERT INTO HRMCODE
(CREATED_DT,CREATED_USER_ID,CREATED_HOST_IP,CREATED_APP_URL,MODIFIED_DT,MODIFIED_USER_ID,MODIFIED_HOST_IP,MODIFIED_APP_URL,TYPE_ID,CODE,CODE_NM,USE_YN,PRT_SEQ,CMT)
VALUES('2022-01-01','0011','local','local','2022-01-01','0011','local','local','HR0008','077', '외손부','TRUE','77',null);
INSERT INTO HRMCODE
(CREATED_DT,CREATED_USER_ID,CREATED_HOST_IP,CREATED_APP_URL,MODIFIED_DT,MODIFIED_USER_ID,MODIFIED_HOST_IP,MODIFIED_APP_URL,TYPE_ID,CODE,CODE_NM,USE_YN,PRT_SEQ,CMT)
VALUES('2022-01-01','0011','local','local','2022-01-01','0011','local','local','HR0008','078', '외조부','TRUE','78',null);
INSERT INTO HRMCODE
(CREATED_DT,CREATED_USER_ID,CREATED_HOST_IP,CREATED_APP_URL,MODIFIED_DT,MODIFIED_USER_ID,MODIFIED_HOST_IP,MODIFIED_APP_URL,TYPE_ID,CODE,CODE_NM,USE_YN,PRT_SEQ,CMT)
VALUES('2022-01-01','0011','local','local','2022-01-01','0011','local','local','HR0008','079', '외조모','TRUE','79',null);
INSERT INTO HRMCODE
(CREATED_DT,CREATED_USER_ID,CREATED_HOST_IP,CREATED_APP_URL,MODIFIED_DT,MODIFIED_USER_ID,MODIFIED_HOST_IP,MODIFIED_APP_URL,TYPE_ID,CODE,CODE_NM,USE_YN,PRT_SEQ,CMT)
VALUES('2022-01-01','0011','local','local','2022-01-01','0011','local','local','HR0008','080', '처형','TRUE','80',null);
INSERT INTO HRMCODE
(CREATED_DT,CREATED_USER_ID,CREATED_HOST_IP,CREATED_APP_URL,MODIFIED_DT,MODIFIED_USER_ID,MODIFIED_HOST_IP,MODIFIED_APP_URL,TYPE_ID,CODE,CODE_NM,USE_YN,PRT_SEQ,CMT)
VALUES('2022-01-01','0011','local','local','2022-01-01','0011','local','local','HR0008','081', '처제','TRUE','81',null);
INSERT INTO HRMCODE
(CREATED_DT,CREATED_USER_ID,CREATED_HOST_IP,CREATED_APP_URL,MODIFIED_DT,MODIFIED_USER_ID,MODIFIED_HOST_IP,MODIFIED_APP_URL,TYPE_ID,CODE,CODE_NM,USE_YN,PRT_SEQ,CMT)
VALUES('2022-01-01','0011','local','local','2022-01-01','0011','local','local','HR0008','082', '처남','TRUE','82',null);
INSERT INTO HRMCODE
(CREATED_DT,CREATED_USER_ID,CREATED_HOST_IP,CREATED_APP_URL,MODIFIED_DT,MODIFIED_USER_ID,MODIFIED_HOST_IP,MODIFIED_APP_URL,TYPE_ID,CODE,CODE_NM,USE_YN,PRT_SEQ,CMT)
VALUES('2022-01-01','0011','local','local','2022-01-01','0011','local','local','HR0008','083', '처남댁','TRUE','83',null);
INSERT INTO HRMCODE
(CREATED_DT,CREATED_USER_ID,CREATED_HOST_IP,CREATED_APP_URL,MODIFIED_DT,MODIFIED_USER_ID,MODIFIED_HOST_IP,MODIFIED_APP_URL,TYPE_ID,CODE,CODE_NM,USE_YN,PRT_SEQ,CMT)
VALUES('2022-01-01','0011','local','local','2022-01-01','0011','local','local','HR0008','084', '처조카','TRUE','84',null);
INSERT INTO HRMCODE
(CREATED_DT,CREATED_USER_ID,CREATED_HOST_IP,CREATED_APP_URL,MODIFIED_DT,MODIFIED_USER_ID,MODIFIED_HOST_IP,MODIFIED_APP_URL,TYPE_ID,CODE,CODE_NM,USE_YN,PRT_SEQ,CMT)
VALUES('2022-01-01','0011','local','local','2022-01-01','0011','local','local','HR0008','085', '처질부','TRUE','85',null);
INSERT INTO HRMCODE
(CREATED_DT,CREATED_USER_ID,CREATED_HOST_IP,CREATED_APP_URL,MODIFIED_DT,MODIFIED_USER_ID,MODIFIED_HOST_IP,MODIFIED_APP_URL,TYPE_ID,CODE,CODE_NM,USE_YN,PRT_SEQ,CMT)
VALUES('2022-01-01','0011','local','local','2022-01-01','0011','local','local','HR0008','086', '처숙부','TRUE','86',null);
INSERT INTO HRMCODE
(CREATED_DT,CREATED_USER_ID,CREATED_HOST_IP,CREATED_APP_URL,MODIFIED_DT,MODIFIED_USER_ID,MODIFIED_HOST_IP,MODIFIED_APP_URL,TYPE_ID,CODE,CODE_NM,USE_YN,PRT_SEQ,CMT)
VALUES('2022-01-01','0011','local','local','2022-01-01','0011','local','local','HR0008','087', '처숙모','TRUE','87',null);
INSERT INTO HRMCODE
(CREATED_DT,CREATED_USER_ID,CREATED_HOST_IP,CREATED_APP_URL,MODIFIED_DT,MODIFIED_USER_ID,MODIFIED_HOST_IP,MODIFIED_APP_URL,TYPE_ID,CODE,CODE_NM,USE_YN,PRT_SEQ,CMT)
VALUES('2022-01-01','0011','local','local','2022-01-01','0011','local','local','HR0008','088', '처사촌','TRUE','88',null);
INSERT INTO HRMCODE
(CREATED_DT,CREATED_USER_ID,CREATED_HOST_IP,CREATED_APP_URL,MODIFIED_DT,MODIFIED_USER_ID,MODIFIED_HOST_IP,MODIFIED_APP_URL,TYPE_ID,CODE,CODE_NM,USE_YN,PRT_SEQ,CMT)
VALUES('2022-01-01','0011','local','local','2022-01-01','0011','local','local','HR0008','089', '처고모','TRUE','89',null);
INSERT INTO HRMCODE
(CREATED_DT,CREATED_USER_ID,CREATED_HOST_IP,CREATED_APP_URL,MODIFIED_DT,MODIFIED_USER_ID,MODIFIED_HOST_IP,MODIFIED_APP_URL,TYPE_ID,CODE,CODE_NM,USE_YN,PRT_SEQ,CMT)
VALUES('2022-01-01','0011','local','local','2022-01-01','0011','local','local','HR0008','090', '처고모부','TRUE','90',null);
INSERT INTO HRMCODE
(CREATED_DT,CREATED_USER_ID,CREATED_HOST_IP,CREATED_APP_URL,MODIFIED_DT,MODIFIED_USER_ID,MODIFIED_HOST_IP,MODIFIED_APP_URL,TYPE_ID,CODE,CODE_NM,USE_YN,PRT_SEQ,CMT)
VALUES('2022-01-01','0011','local','local','2022-01-01','0011','local','local','HR0008','091', '처고종','TRUE','91',null);
INSERT INTO HRMCODE
(CREATED_DT,CREATED_USER_ID,CREATED_HOST_IP,CREATED_APP_URL,MODIFIED_DT,MODIFIED_USER_ID,MODIFIED_HOST_IP,MODIFIED_APP_URL,TYPE_ID,CODE,CODE_NM,USE_YN,PRT_SEQ,CMT)
VALUES('2022-01-01','0011','local','local','2022-01-01','0011','local','local','HR0008','092', '처이모','TRUE','92',null);
INSERT INTO HRMCODE
(CREATED_DT,CREATED_USER_ID,CREATED_HOST_IP,CREATED_APP_URL,MODIFIED_DT,MODIFIED_USER_ID,MODIFIED_HOST_IP,MODIFIED_APP_URL,TYPE_ID,CODE,CODE_NM,USE_YN,PRT_SEQ,CMT)
VALUES('2022-01-01','0011','local','local','2022-01-01','0011','local','local','HR0008','093', '처이모부','TRUE','93',null);
INSERT INTO HRMCODE
(CREATED_DT,CREATED_USER_ID,CREATED_HOST_IP,CREATED_APP_URL,MODIFIED_DT,MODIFIED_USER_ID,MODIFIED_HOST_IP,MODIFIED_APP_URL,TYPE_ID,CODE,CODE_NM,USE_YN,PRT_SEQ,CMT)
VALUES('2022-01-01','0011','local','local','2022-01-01','0011','local','local','HR0008','094', '처이종','TRUE','94',null);
INSERT INTO HRMCODE
(CREATED_DT,CREATED_USER_ID,CREATED_HOST_IP,CREATED_APP_URL,MODIFIED_DT,MODIFIED_USER_ID,MODIFIED_HOST_IP,MODIFIED_APP_URL,TYPE_ID,CODE,CODE_NM,USE_YN,PRT_SEQ,CMT)
VALUES('2022-01-01','0011','local','local','2022-01-01','0011','local','local','HR0008','095', '처가친척','TRUE','95',null);
INSERT INTO HRMCODE
(CREATED_DT,CREATED_USER_ID,CREATED_HOST_IP,CREATED_APP_URL,MODIFIED_DT,MODIFIED_USER_ID,MODIFIED_HOST_IP,MODIFIED_APP_URL,TYPE_ID,CODE,CODE_NM,USE_YN,PRT_SEQ,CMT)
VALUES('2022-01-01','0011','local','local','2022-01-01','0011','local','local','HR0008','096', '시가친척','TRUE','96',null);
INSERT INTO HRMCODE
(CREATED_DT,CREATED_USER_ID,CREATED_HOST_IP,CREATED_APP_URL,MODIFIED_DT,MODIFIED_USER_ID,MODIFIED_HOST_IP,MODIFIED_APP_URL,TYPE_ID,CODE,CODE_NM,USE_YN,PRT_SEQ,CMT)
VALUES('2022-01-01','0011','local','local','2022-01-01','0011','local','local','HR0008','097', '외가친척','TRUE','97',null);
INSERT INTO HRMCODE
(CREATED_DT,CREATED_USER_ID,CREATED_HOST_IP,CREATED_APP_URL,MODIFIED_DT,MODIFIED_USER_ID,MODIFIED_HOST_IP,MODIFIED_APP_URL,TYPE_ID,CODE,CODE_NM,USE_YN,PRT_SEQ,CMT)
VALUES('2022-01-01','0011','local','local','2022-01-01','0011','local','local','HR0008','098', '친척','TRUE','98',null);
INSERT INTO HRMCODE
(CREATED_DT,CREATED_USER_ID,CREATED_HOST_IP,CREATED_APP_URL,MODIFIED_DT,MODIFIED_USER_ID,MODIFIED_HOST_IP,MODIFIED_APP_URL,TYPE_ID,CODE,CODE_NM,USE_YN,PRT_SEQ,CMT)
VALUES('2022-01-01','0011','local','local','2022-01-01','0011','local','local','HR0008','099', '동거인','TRUE','99',null);
INSERT INTO HRMCODE
(CREATED_DT,CREATED_USER_ID,CREATED_HOST_IP,CREATED_APP_URL,MODIFIED_DT,MODIFIED_USER_ID,MODIFIED_HOST_IP,MODIFIED_APP_URL,TYPE_ID,CODE,CODE_NM,USE_YN,PRT_SEQ,CMT)
VALUES('2022-01-01','0011','local','local','2022-01-01','0011','local','local','HR0008','100', '시양부','TRUE','100',null);
INSERT INTO HRMCODE
(CREATED_DT,CREATED_USER_ID,CREATED_HOST_IP,CREATED_APP_URL,MODIFIED_DT,MODIFIED_USER_ID,MODIFIED_HOST_IP,MODIFIED_APP_URL,TYPE_ID,CODE,CODE_NM,USE_YN,PRT_SEQ,CMT)
VALUES('2022-01-01','0011','local','local','2022-01-01','0011','local','local','HR0008','101', '시양모','TRUE','101',null);
INSERT INTO HRMCODE
(CREATED_DT,CREATED_USER_ID,CREATED_HOST_IP,CREATED_APP_URL,MODIFIED_DT,MODIFIED_USER_ID,MODIFIED_HOST_IP,MODIFIED_APP_URL,TYPE_ID,CODE,CODE_NM,USE_YN,PRT_SEQ,CMT)
VALUES('2022-01-01','0011','local','local','2022-01-01','0011','local','local','HR0008','102', '처양부','TRUE','102',null);
INSERT INTO HRMCODE
(CREATED_DT,CREATED_USER_ID,CREATED_HOST_IP,CREATED_APP_URL,MODIFIED_DT,MODIFIED_USER_ID,MODIFIED_HOST_IP,MODIFIED_APP_URL,TYPE_ID,CODE,CODE_NM,USE_YN,PRT_SEQ,CMT)
VALUES('2022-01-01','0011','local','local','2022-01-01','0011','local','local','HR0008','103', '처양모','TRUE','103',null);
INSERT INTO HRMCODE
(CREATED_DT,CREATED_USER_ID,CREATED_HOST_IP,CREATED_APP_URL,MODIFIED_DT,MODIFIED_USER_ID,MODIFIED_HOST_IP,MODIFIED_APP_URL,TYPE_ID,CODE,CODE_NM,USE_YN,PRT_SEQ,CMT)
VALUES('2022-01-01','0011','local','local','2022-01-01','0011','local','local','HR0008','104', '처조부','TRUE','104',null);
INSERT INTO HRMCODE
(CREATED_DT,CREATED_USER_ID,CREATED_HOST_IP,CREATED_APP_URL,MODIFIED_DT,MODIFIED_USER_ID,MODIFIED_HOST_IP,MODIFIED_APP_URL,TYPE_ID,CODE,CODE_NM,USE_YN,PRT_SEQ,CMT)
VALUES('2022-01-01','0011','local','local','2022-01-01','0011','local','local','HR0008','105', '처조모','TRUE','105',null);
INSERT INTO HRMCODE
(CREATED_DT,CREATED_USER_ID,CREATED_HOST_IP,CREATED_APP_URL,MODIFIED_DT,MODIFIED_USER_ID,MODIFIED_HOST_IP,MODIFIED_APP_URL,TYPE_ID,CODE,CODE_NM,USE_YN,PRT_SEQ,CMT)
VALUES('2022-01-01','0011','local','local','2022-01-01','0011','local','local','HR0008','106', '시외조부','TRUE','106',null);
INSERT INTO HRMCODE
(CREATED_DT,CREATED_USER_ID,CREATED_HOST_IP,CREATED_APP_URL,MODIFIED_DT,MODIFIED_USER_ID,MODIFIED_HOST_IP,MODIFIED_APP_URL,TYPE_ID,CODE,CODE_NM,USE_YN,PRT_SEQ,CMT)
VALUES('2022-01-01','0011','local','local','2022-01-01','0011','local','local','HR0008','107', '시외조모','TRUE','107',null);
INSERT INTO HRMCODE
(CREATED_DT,CREATED_USER_ID,CREATED_HOST_IP,CREATED_APP_URL,MODIFIED_DT,MODIFIED_USER_ID,MODIFIED_HOST_IP,MODIFIED_APP_URL,TYPE_ID,CODE,CODE_NM,USE_YN,PRT_SEQ,CMT)
VALUES('2022-01-01','0011','local','local','2022-01-01','0011','local','local','HR0008','108', '처외조부','TRUE','108',null);
INSERT INTO HRMCODE
(CREATED_DT,CREATED_USER_ID,CREATED_HOST_IP,CREATED_APP_URL,MODIFIED_DT,MODIFIED_USER_ID,MODIFIED_HOST_IP,MODIFIED_APP_URL,TYPE_ID,CODE,CODE_NM,USE_YN,PRT_SEQ,CMT)
VALUES('2022-01-01','0011','local','local','2022-01-01','0011','local','local','HR0008','109', '처외조모','TRUE','109',null);
INSERT INTO HRMCODE
(CREATED_DT,CREATED_USER_ID,CREATED_HOST_IP,CREATED_APP_URL,MODIFIED_DT,MODIFIED_USER_ID,MODIFIED_HOST_IP,MODIFIED_APP_URL,TYPE_ID,CODE,CODE_NM,USE_YN,PRT_SEQ,CMT)
VALUES('2022-01-01','0011','local','local','2022-01-01','0011','local','local','HR0009','01', '무학력','TRUE','1',null);
INSERT INTO HRMCODE
(CREATED_DT,CREATED_USER_ID,CREATED_HOST_IP,CREATED_APP_URL,MODIFIED_DT,MODIFIED_USER_ID,MODIFIED_HOST_IP,MODIFIED_APP_URL,TYPE_ID,CODE,CODE_NM,USE_YN,PRT_SEQ,CMT)
VALUES('2022-01-01','0011','local','local','2022-01-01','0011','local','local','HR0009','02', '취학면제','TRUE','1',null);
INSERT INTO HRMCODE
(CREATED_DT,CREATED_USER_ID,CREATED_HOST_IP,CREATED_APP_URL,MODIFIED_DT,MODIFIED_USER_ID,MODIFIED_HOST_IP,MODIFIED_APP_URL,TYPE_ID,CODE,CODE_NM,USE_YN,PRT_SEQ,CMT)
VALUES('2022-01-01','0011','local','local','2022-01-01','0011','local','local','HR0009','03', '취학유예','TRUE','1',null);
INSERT INTO HRMCODE
(CREATED_DT,CREATED_USER_ID,CREATED_HOST_IP,CREATED_APP_URL,MODIFIED_DT,MODIFIED_USER_ID,MODIFIED_HOST_IP,MODIFIED_APP_URL,TYPE_ID,CODE,CODE_NM,USE_YN,PRT_SEQ,CMT)
VALUES('2022-01-01','0011','local','local','2022-01-01','0011','local','local','HR0009','06', '기타학력','TRUE','1',null);
INSERT INTO HRMCODE
(CREATED_DT,CREATED_USER_ID,CREATED_HOST_IP,CREATED_APP_URL,MODIFIED_DT,MODIFIED_USER_ID,MODIFIED_HOST_IP,MODIFIED_APP_URL,TYPE_ID,CODE,CODE_NM,USE_YN,PRT_SEQ,CMT)
VALUES('2022-01-01','0011','local','local','2022-01-01','0011','local','local','HR0009','10', '유치원','TRUE','1',null);
INSERT INTO HRMCODE
(CREATED_DT,CREATED_USER_ID,CREATED_HOST_IP,CREATED_APP_URL,MODIFIED_DT,MODIFIED_USER_ID,MODIFIED_HOST_IP,MODIFIED_APP_URL,TYPE_ID,CODE,CODE_NM,USE_YN,PRT_SEQ,CMT)
VALUES('2022-01-01','0011','local','local','2022-01-01','0011','local','local','HR0009','20', '초등학교','TRUE','1',null);
INSERT INTO HRMCODE
(CREATED_DT,CREATED_USER_ID,CREATED_HOST_IP,CREATED_APP_URL,MODIFIED_DT,MODIFIED_USER_ID,MODIFIED_HOST_IP,MODIFIED_APP_URL,TYPE_ID,CODE,CODE_NM,USE_YN,PRT_SEQ,CMT)
VALUES('2022-01-01','0011','local','local','2022-01-01','0011','local','local','HR0009','21', '초등학교재학','TRUE','1',null);
INSERT INTO HRMCODE
(CREATED_DT,CREATED_USER_ID,CREATED_HOST_IP,CREATED_APP_URL,MODIFIED_DT,MODIFIED_USER_ID,MODIFIED_HOST_IP,MODIFIED_APP_URL,TYPE_ID,CODE,CODE_NM,USE_YN,PRT_SEQ,CMT)
VALUES('2022-01-01','0011','local','local','2022-01-01','0011','local','local','HR0009','22', '초등학교중퇴','TRUE','1',null);
INSERT INTO HRMCODE
(CREATED_DT,CREATED_USER_ID,CREATED_HOST_IP,CREATED_APP_URL,MODIFIED_DT,MODIFIED_USER_ID,MODIFIED_HOST_IP,MODIFIED_APP_URL,TYPE_ID,CODE,CODE_NM,USE_YN,PRT_SEQ,CMT)
VALUES('2022-01-01','0011','local','local','2022-01-01','0011','local','local','HR0009','25', '초등학교졸업','TRUE','1',null);
INSERT INTO HRMCODE
(CREATED_DT,CREATED_USER_ID,CREATED_HOST_IP,CREATED_APP_URL,MODIFIED_DT,MODIFIED_USER_ID,MODIFIED_HOST_IP,MODIFIED_APP_URL,TYPE_ID,CODE,CODE_NM,USE_YN,PRT_SEQ,CMT)
VALUES('2022-01-01','0011','local','local','2022-01-01','0011','local','local','HR0009','30', '중학교','TRUE','1',null);
INSERT INTO HRMCODE
(CREATED_DT,CREATED_USER_ID,CREATED_HOST_IP,CREATED_APP_URL,MODIFIED_DT,MODIFIED_USER_ID,MODIFIED_HOST_IP,MODIFIED_APP_URL,TYPE_ID,CODE,CODE_NM,USE_YN,PRT_SEQ,CMT)
VALUES('2022-01-01','0011','local','local','2022-01-01','0011','local','local','HR0009','31', '중학교재학','TRUE','1',null);
INSERT INTO HRMCODE
(CREATED_DT,CREATED_USER_ID,CREATED_HOST_IP,CREATED_APP_URL,MODIFIED_DT,MODIFIED_USER_ID,MODIFIED_HOST_IP,MODIFIED_APP_URL,TYPE_ID,CODE,CODE_NM,USE_YN,PRT_SEQ,CMT)
VALUES('2022-01-01','0011','local','local','2022-01-01','0011','local','local','HR0009','32', '중학교중퇴','TRUE','1',null);
INSERT INTO HRMCODE
(CREATED_DT,CREATED_USER_ID,CREATED_HOST_IP,CREATED_APP_URL,MODIFIED_DT,MODIFIED_USER_ID,MODIFIED_HOST_IP,MODIFIED_APP_URL,TYPE_ID,CODE,CODE_NM,USE_YN,PRT_SEQ,CMT)
VALUES('2022-01-01','0011','local','local','2022-01-01','0011','local','local','HR0009','34', '중학교검정','TRUE','1',null);
INSERT INTO HRMCODE
(CREATED_DT,CREATED_USER_ID,CREATED_HOST_IP,CREATED_APP_URL,MODIFIED_DT,MODIFIED_USER_ID,MODIFIED_HOST_IP,MODIFIED_APP_URL,TYPE_ID,CODE,CODE_NM,USE_YN,PRT_SEQ,CMT)
VALUES('2022-01-01','0011','local','local','2022-01-01','0011','local','local','HR0009','35', '중학교졸업','TRUE','1',null);
INSERT INTO HRMCODE
(CREATED_DT,CREATED_USER_ID,CREATED_HOST_IP,CREATED_APP_URL,MODIFIED_DT,MODIFIED_USER_ID,MODIFIED_HOST_IP,MODIFIED_APP_URL,TYPE_ID,CODE,CODE_NM,USE_YN,PRT_SEQ,CMT)
VALUES('2022-01-01','0011','local','local','2022-01-01','0011','local','local','HR0009','40', '고등학교','TRUE','1',null);
INSERT INTO HRMCODE
(CREATED_DT,CREATED_USER_ID,CREATED_HOST_IP,CREATED_APP_URL,MODIFIED_DT,MODIFIED_USER_ID,MODIFIED_HOST_IP,MODIFIED_APP_URL,TYPE_ID,CODE,CODE_NM,USE_YN,PRT_SEQ,CMT)
VALUES('2022-01-01','0011','local','local','2022-01-01','0011','local','local','HR0009','41', '고등학교재학','TRUE','1',null);
INSERT INTO HRMCODE
(CREATED_DT,CREATED_USER_ID,CREATED_HOST_IP,CREATED_APP_URL,MODIFIED_DT,MODIFIED_USER_ID,MODIFIED_HOST_IP,MODIFIED_APP_URL,TYPE_ID,CODE,CODE_NM,USE_YN,PRT_SEQ,CMT)
VALUES('2022-01-01','0011','local','local','2022-01-01','0011','local','local','HR0009','42', '고등학교중퇴','TRUE','1',null);
INSERT INTO HRMCODE
(CREATED_DT,CREATED_USER_ID,CREATED_HOST_IP,CREATED_APP_URL,MODIFIED_DT,MODIFIED_USER_ID,MODIFIED_HOST_IP,MODIFIED_APP_URL,TYPE_ID,CODE,CODE_NM,USE_YN,PRT_SEQ,CMT)
VALUES('2022-01-01','0011','local','local','2022-01-01','0011','local','local','HR0009','44', '고등학교검정','TRUE','1',null);
INSERT INTO HRMCODE
(CREATED_DT,CREATED_USER_ID,CREATED_HOST_IP,CREATED_APP_URL,MODIFIED_DT,MODIFIED_USER_ID,MODIFIED_HOST_IP,MODIFIED_APP_URL,TYPE_ID,CODE,CODE_NM,USE_YN,PRT_SEQ,CMT)
VALUES('2022-01-01','0011','local','local','2022-01-01','0011','local','local','HR0009','45', '고등학교졸업','TRUE','1',null);
INSERT INTO HRMCODE
(CREATED_DT,CREATED_USER_ID,CREATED_HOST_IP,CREATED_APP_URL,MODIFIED_DT,MODIFIED_USER_ID,MODIFIED_HOST_IP,MODIFIED_APP_URL,TYPE_ID,CODE,CODE_NM,USE_YN,PRT_SEQ,CMT)
VALUES('2022-01-01','0011','local','local','2022-01-01','0011','local','local','HR0009','50', '전문대학','TRUE','1',null);
INSERT INTO HRMCODE
(CREATED_DT,CREATED_USER_ID,CREATED_HOST_IP,CREATED_APP_URL,MODIFIED_DT,MODIFIED_USER_ID,MODIFIED_HOST_IP,MODIFIED_APP_URL,TYPE_ID,CODE,CODE_NM,USE_YN,PRT_SEQ,CMT)
VALUES('2022-01-01','0011','local','local','2022-01-01','0011','local','local','HR0009','51', '전문대학재학','TRUE','1',null);
INSERT INTO HRMCODE
(CREATED_DT,CREATED_USER_ID,CREATED_HOST_IP,CREATED_APP_URL,MODIFIED_DT,MODIFIED_USER_ID,MODIFIED_HOST_IP,MODIFIED_APP_URL,TYPE_ID,CODE,CODE_NM,USE_YN,PRT_SEQ,CMT)
VALUES('2022-01-01','0011','local','local','2022-01-01','0011','local','local','HR0009','52', '전문대학중퇴','TRUE','1',null);
INSERT INTO HRMCODE
(CREATED_DT,CREATED_USER_ID,CREATED_HOST_IP,CREATED_APP_URL,MODIFIED_DT,MODIFIED_USER_ID,MODIFIED_HOST_IP,MODIFIED_APP_URL,TYPE_ID,CODE,CODE_NM,USE_YN,PRT_SEQ,CMT)
VALUES('2022-01-01','0011','local','local','2022-01-01','0011','local','local','HR0009','53', '전문대학수료','TRUE','1',null);
INSERT INTO HRMCODE
(CREATED_DT,CREATED_USER_ID,CREATED_HOST_IP,CREATED_APP_URL,MODIFIED_DT,MODIFIED_USER_ID,MODIFIED_HOST_IP,MODIFIED_APP_URL,TYPE_ID,CODE,CODE_NM,USE_YN,PRT_SEQ,CMT)
VALUES('2022-01-01','0011','local','local','2022-01-01','0011','local','local','HR0009','55', '전문대학졸업','TRUE','1',null);
INSERT INTO HRMCODE
(CREATED_DT,CREATED_USER_ID,CREATED_HOST_IP,CREATED_APP_URL,MODIFIED_DT,MODIFIED_USER_ID,MODIFIED_HOST_IP,MODIFIED_APP_URL,TYPE_ID,CODE,CODE_NM,USE_YN,PRT_SEQ,CMT)
VALUES('2022-01-01','0011','local','local','2022-01-01','0011','local','local','HR0009','60', '대학(교)','TRUE','1',null);
INSERT INTO HRMCODE
(CREATED_DT,CREATED_USER_ID,CREATED_HOST_IP,CREATED_APP_URL,MODIFIED_DT,MODIFIED_USER_ID,MODIFIED_HOST_IP,MODIFIED_APP_URL,TYPE_ID,CODE,CODE_NM,USE_YN,PRT_SEQ,CMT)
VALUES('2022-01-01','0011','local','local','2022-01-01','0011','local','local','HR0009','61', '대학(교)재학','TRUE','1',null);
INSERT INTO HRMCODE
(CREATED_DT,CREATED_USER_ID,CREATED_HOST_IP,CREATED_APP_URL,MODIFIED_DT,MODIFIED_USER_ID,MODIFIED_HOST_IP,MODIFIED_APP_URL,TYPE_ID,CODE,CODE_NM,USE_YN,PRT_SEQ,CMT)
VALUES('2022-01-01','0011','local','local','2022-01-01','0011','local','local','HR0009','62', '대학(교)중퇴','TRUE','1',null);
INSERT INTO HRMCODE
(CREATED_DT,CREATED_USER_ID,CREATED_HOST_IP,CREATED_APP_URL,MODIFIED_DT,MODIFIED_USER_ID,MODIFIED_HOST_IP,MODIFIED_APP_URL,TYPE_ID,CODE,CODE_NM,USE_YN,PRT_SEQ,CMT)
VALUES('2022-01-01','0011','local','local','2022-01-01','0011','local','local','HR0009','63', '대학(교)수료','TRUE','1',null);
INSERT INTO HRMCODE
(CREATED_DT,CREATED_USER_ID,CREATED_HOST_IP,CREATED_APP_URL,MODIFIED_DT,MODIFIED_USER_ID,MODIFIED_HOST_IP,MODIFIED_APP_URL,TYPE_ID,CODE,CODE_NM,USE_YN,PRT_SEQ,CMT)
VALUES('2022-01-01','0011','local','local','2022-01-01','0011','local','local','HR0009','65', '대학(교)졸업','TRUE','1',null);
INSERT INTO HRMCODE
(CREATED_DT,CREATED_USER_ID,CREATED_HOST_IP,CREATED_APP_URL,MODIFIED_DT,MODIFIED_USER_ID,MODIFIED_HOST_IP,MODIFIED_APP_URL,TYPE_ID,CODE,CODE_NM,USE_YN,PRT_SEQ,CMT)
VALUES('2022-01-01','0011','local','local','2022-01-01','0011','local','local','HR0009','70', '대학원석사과정','TRUE','1',null);
INSERT INTO HRMCODE
(CREATED_DT,CREATED_USER_ID,CREATED_HOST_IP,CREATED_APP_URL,MODIFIED_DT,MODIFIED_USER_ID,MODIFIED_HOST_IP,MODIFIED_APP_URL,TYPE_ID,CODE,CODE_NM,USE_YN,PRT_SEQ,CMT)
VALUES('2022-01-01','0011','local','local','2022-01-01','0011','local','local','HR0009','71', '석사과정재학','TRUE','1',null);
INSERT INTO HRMCODE
(CREATED_DT,CREATED_USER_ID,CREATED_HOST_IP,CREATED_APP_URL,MODIFIED_DT,MODIFIED_USER_ID,MODIFIED_HOST_IP,MODIFIED_APP_URL,TYPE_ID,CODE,CODE_NM,USE_YN,PRT_SEQ,CMT)
VALUES('2022-01-01','0011','local','local','2022-01-01','0011','local','local','HR0009','72', '석사과정중퇴','TRUE','1',null);
INSERT INTO HRMCODE
(CREATED_DT,CREATED_USER_ID,CREATED_HOST_IP,CREATED_APP_URL,MODIFIED_DT,MODIFIED_USER_ID,MODIFIED_HOST_IP,MODIFIED_APP_URL,TYPE_ID,CODE,CODE_NM,USE_YN,PRT_SEQ,CMT)
VALUES('2022-01-01','0011','local','local','2022-01-01','0011','local','local','HR0009','73', '석사과정수료','TRUE','1',null);
INSERT INTO HRMCODE
(CREATED_DT,CREATED_USER_ID,CREATED_HOST_IP,CREATED_APP_URL,MODIFIED_DT,MODIFIED_USER_ID,MODIFIED_HOST_IP,MODIFIED_APP_URL,TYPE_ID,CODE,CODE_NM,USE_YN,PRT_SEQ,CMT)
VALUES('2022-01-01','0011','local','local','2022-01-01','0011','local','local','HR0009','75', '석사과정졸업','TRUE','1',null);
INSERT INTO HRMCODE
(CREATED_DT,CREATED_USER_ID,CREATED_HOST_IP,CREATED_APP_URL,MODIFIED_DT,MODIFIED_USER_ID,MODIFIED_HOST_IP,MODIFIED_APP_URL,TYPE_ID,CODE,CODE_NM,USE_YN,PRT_SEQ,CMT)
VALUES('2022-01-01','0011','local','local','2022-01-01','0011','local','local','HR0009','80', '대학원박사과정','TRUE','1',null);
INSERT INTO HRMCODE
(CREATED_DT,CREATED_USER_ID,CREATED_HOST_IP,CREATED_APP_URL,MODIFIED_DT,MODIFIED_USER_ID,MODIFIED_HOST_IP,MODIFIED_APP_URL,TYPE_ID,CODE,CODE_NM,USE_YN,PRT_SEQ,CMT)
VALUES('2022-01-01','0011','local','local','2022-01-01','0011','local','local','HR0009','81', '박사과정재학','TRUE','1',null);
INSERT INTO HRMCODE
(CREATED_DT,CREATED_USER_ID,CREATED_HOST_IP,CREATED_APP_URL,MODIFIED_DT,MODIFIED_USER_ID,MODIFIED_HOST_IP,MODIFIED_APP_URL,TYPE_ID,CODE,CODE_NM,USE_YN,PRT_SEQ,CMT)
VALUES('2022-01-01','0011','local','local','2022-01-01','0011','local','local','HR0009','82', '박사과정중퇴','TRUE','1',null);
INSERT INTO HRMCODE
(CREATED_DT,CREATED_USER_ID,CREATED_HOST_IP,CREATED_APP_URL,MODIFIED_DT,MODIFIED_USER_ID,MODIFIED_HOST_IP,MODIFIED_APP_URL,TYPE_ID,CODE,CODE_NM,USE_YN,PRT_SEQ,CMT)
VALUES('2022-01-01','0011','local','local','2022-01-01','0011','local','local','HR0009','83', '박사과정수료','TRUE','1',null);
INSERT INTO HRMCODE
(CREATED_DT,CREATED_USER_ID,CREATED_HOST_IP,CREATED_APP_URL,MODIFIED_DT,MODIFIED_USER_ID,MODIFIED_HOST_IP,MODIFIED_APP_URL,TYPE_ID,CODE,CODE_NM,USE_YN,PRT_SEQ,CMT)
VALUES('2022-01-01','0011','local','local','2022-01-01','0011','local','local','HR0009','85', '박사과정졸업','TRUE','1',null);
INSERT INTO HRMCODE
(CREATED_DT,CREATED_USER_ID,CREATED_HOST_IP,CREATED_APP_URL,MODIFIED_DT,MODIFIED_USER_ID,MODIFIED_HOST_IP,MODIFIED_APP_URL,TYPE_ID,CODE,CODE_NM,USE_YN,PRT_SEQ,CMT)
VALUES('2022-01-01','0011','local','local','2022-01-01','0011','local','local','HR0009','86', '고등전문학교','TRUE','1',null);
INSERT INTO HRMCODE
(CREATED_DT,CREATED_USER_ID,CREATED_HOST_IP,CREATED_APP_URL,MODIFIED_DT,MODIFIED_USER_ID,MODIFIED_HOST_IP,MODIFIED_APP_URL,TYPE_ID,CODE,CODE_NM,USE_YN,PRT_SEQ,CMT)
VALUES('2022-01-01','0011','local','local','2022-01-01','0011','local','local','HR0010','0001','A학교','TRUE','1',null);
INSERT INTO HRMCODE
(CREATED_DT,CREATED_USER_ID,CREATED_HOST_IP,CREATED_APP_URL,MODIFIED_DT,MODIFIED_USER_ID,MODIFIED_HOST_IP,MODIFIED_APP_URL,TYPE_ID,CODE,CODE_NM,USE_YN,PRT_SEQ,CMT)
VALUES('2022-01-01','0011','local','local','2022-01-01','0011','local','local','HR0010','0002','B학교','TRUE','2',null);
INSERT INTO HRMCODE
(CREATED_DT,CREATED_USER_ID,CREATED_HOST_IP,CREATED_APP_URL,MODIFIED_DT,MODIFIED_USER_ID,MODIFIED_HOST_IP,MODIFIED_APP_URL,TYPE_ID,CODE,CODE_NM,USE_YN,PRT_SEQ,CMT)
VALUES('2022-01-01','0011','local','local','2022-01-01','0011','local','local','HR0011','0001','운전면허','TRUE','1',null);
INSERT INTO HRMCODE
(CREATED_DT,CREATED_USER_ID,CREATED_HOST_IP,CREATED_APP_URL,MODIFIED_DT,MODIFIED_USER_ID,MODIFIED_HOST_IP,MODIFIED_APP_URL,TYPE_ID,CODE,CODE_NM,USE_YN,PRT_SEQ,CMT)
VALUES('2022-01-01','0011','local','local','2001-01-01','0011','local','local','HR1001','A01','연차',TRUE,'1',null);
INSERT INTO HRMCODE
(CREATED_DT,CREATED_USER_ID,CREATED_HOST_IP,CREATED_APP_URL,MODIFIED_DT,MODIFIED_USER_ID,MODIFIED_HOST_IP,MODIFIED_APP_URL,TYPE_ID,CODE,CODE_NM,USE_YN,PRT_SEQ,CMT)
VALUES('2022-01-01','0011','local','local','2001-01-01','0011','local','local','HR1001','A02','반차',TRUE,'2',null);
INSERT INTO HRMCODE
(CREATED_DT,CREATED_USER_ID,CREATED_HOST_IP,CREATED_APP_URL,MODIFIED_DT,MODIFIED_USER_ID,MODIFIED_HOST_IP,MODIFIED_APP_URL,TYPE_ID,CODE,CODE_NM,USE_YN,PRT_SEQ,CMT)
VALUES('2022-01-01','0011','local','local','2001-01-01','0011','local','local','HR1001','A03','반반차',TRUE,'3',null);
*/